ZipCode,county,state,Youth,Pediatric,Adult,Retirement
35034,Bibb County,AL,NA,NA,95.354523227383865,NA
35045,Chilton County,AL,NA,NA,71.63814180929096,NA
35111,Tuscaloosa County,AL,NA,NA,NA,40.15151515151515
35128,St. Clair County,AL,NA,NA,81.54034229828851,NA
35160,Talladega County,AL,9.746588693957115,33.70165745856354,22.73838630806846,NA
35226,Jefferson County,AL,66.66666666666666,NA,NA,NA
35401,Tuscaloosa County,AL,NA,NA,31.662591687041562,NA
35405,Tuscaloosa County,AL,NA,NA,11.246943765281173,NA
35490,Tuscaloosa County,AL,NA,NA,96.57701711491443,NA
35565,Winston County,AL,NA,NA,77.75061124694376,NA
35640,Morgan County,AL,NA,NA,40.831295843520785,NA
35654,Franklin County,AL,NA,64.64088397790056,NA,NA
35754,Morgan County,AL,92.98245614035088,NA,NA,NA
35759,Madison County,AL,87.13450292397661,NA,NA,NA
35805,Madison County,AL,56.72514619883041,NA,NA,NA
35806,Madison County,AL,NA,72.65193370165746,NA,NA
35952,Etowah County,AL,NA,NA,88.50855745721272,NA
35953,St. Clair County,AL,NA,88.95027624309392,NA,NA
36078,Elmore County,AL,NA,NA,61.49144254278729,NA
36105,Montgomery County,AL,82.06627680311891,NA,NA,NA
36107,Montgomery County,AL,NA,NA,95.84352078239608,NA
36207,Calhoun County,AL,NA,84.5303867403315,NA,NA
36323,Coffee County,AL,NA,69.33701657458563,NA,NA
36502,Escambia County,AL,NA,NA,51.58924205378973,NA
36618,Mobile County,AL,76.41325536062378,NA,NA,NA
36693,Mobile County,AL,NA,NA,63.325183374083124,NA
36703,Dallas County,AL,NA,NA,70.78239608801957,NA
36874,Lee County,AL,NA,NA,90.2200488997555,NA
99508,Anchorage Municipality,AK,NA,NA,24.5721271393643,NA
99516,Anchorage Municipality,AK,NA,NA,84.59657701711491,NA
99577,Anchorage Municipality,AK,89.47368421052632,NA,NA,NA
99801,Juneau City and Borough,AK,70.17543859649122,NA,NA,NA
85006,Maricopa County,AZ,NA,NA,NA,53.40909090909091
85008,Maricopa County,AZ,NA,8.56353591160221,NA,NA
85015,Maricopa County,AZ,NA,NA,57.21271393643031,NA
85017,Maricopa County,AZ,19.68810916179337,NA,NA,NA
85018,Maricopa County,AZ,27.29044834307992,NA,NA,NA
85028,Maricopa County,AZ,NA,NA,84.3520782396088,NA
85029,Maricopa County,AZ,11.890838206627679,24.585635359116022,NA,NA
85034,Maricopa County,AZ,NA,94.7513812154696,NA,NA
85041,Maricopa County,AZ,5.847953216374268,NA,NA,NA
85042,Maricopa County,AZ,67.83625730994152,53.591160220994475,NA,NA
85044,Maricopa County,AZ,38.59649122807017,NA,NA,NA
85122,Pinal County,AZ,NA,NA,11.124694376528117,NA
85140,Pinal County,AZ,55.165692007797276,NA,NA,NA
85194,Pinal County,AZ,NA,NA,94.13202933985329,NA
85204,Maricopa County,AZ,NA,NA,20.660146699266505,34.84848484848485
85207,Maricopa County,AZ,NA,NA,67.72616136919315,NA
85210,Maricopa County,AZ,NA,33.14917127071823,NA,NA
85226,Maricopa County,AZ,NA,NA,62.469437652811735,NA
85254,Maricopa County,AZ,NA,NA,61.36919315403423,NA
85257,Maricopa County,AZ,NA,NA,75.79462102689487,NA
85259,Maricopa County,AZ,NA,NA,NA,82.1969696969697
85268,Maricopa County,AZ,98.05068226120858,NA,NA,NA
85281,Maricopa County,AZ,NA,NA,NA,79.92424242424242
85282,Maricopa County,AZ,NA,NA,NA,55.3030303030303
85296,Maricopa County,AZ,NA,NA,39.60880195599022,NA
85301,Maricopa County,AZ,NA,9.116022099447514,NA,NA
85303,Maricopa County,AZ,NA,61.87845303867403,NA,NA
85323,Maricopa County,AZ,NA,31.491712707182316,NA,NA
85364,Yuma County,AZ,58.86939571150097,NA,NA,NA
85530,Graham County,AZ,NA,48.61878453038674,NA,NA
85614,Pima County,AZ,NA,NA,NA,24.242424242424242
85634,Pima County,AZ,NA,NA,63.08068459657702,36.74242424242424
85635,Cochise County,AZ,NA,30.11049723756906,NA,NA
85648,Santa Cruz County,AZ,NA,12.430939226519337,59.90220048899756,NA
85653,Pima County,AZ,NA,NA,43.52078239608802,NA
85701,Pima County,AZ,NA,NA,73.59413202933986,NA
85705,Pima County,AZ,9.941520467836257,NA,26.405867970660147,NA
85706,Pima County,AZ,NA,NA,3.4229828850855744,NA
85716,Pima County,AZ,NA,NA,24.08312958435208,NA
85719,Pima County,AZ,NA,NA,74.93887530562347,NA
85743,Pima County,AZ,NA,NA,48.28850855745721,NA
85746,Pima County,AZ,NA,NA,48.044009779951104,NA
85750,Pima County,AZ,87.13450292397661,NA,NA,NA
86004,Coconino County,AZ,NA,NA,8.80195599022005,NA
86033,Navajo County,AZ,NA,13.812154696132598,NA,NA
86044,San Juan County,AZ,93.56725146198829,NA,NA,NA
86045,Coconino County,AZ,NA,4.696132596685083,NA,NA
86322,Yavapai County,AZ,NA,87.84530386740332,NA,NA
86323,Yavapai County,AZ,NA,NA,59.65770171149144,NA
86406,Mohave County,AZ,NA,NA,55.37897310513448,NA
86429,Mohave County,AZ,NA,NA,90.09779951100244,NA
86442,Mohave County,AZ,NA,NA,34.229828850855746,NA
86505,Apache County,AZ,NA,17.955801104972377,NA,NA
72104,Hot Spring County,AR,52.241715399610136,NA,NA,NA
72204,Pulaski County,AR,NA,NA,58.557457212713935,NA
72450,Greene County,AR,NA,NA,26.894865525672373,NA
72762,Washington County,AR,59.4541910331384,NA,NA,NA
90003,Los Angeles County,CA,NA,15.745856353591158,NA,NA
90011,Los Angeles County,CA,18.51851851851852,NA,NA,NA
90026,Los Angeles County,CA,NA,NA,NA,49.621212121212125
90032,Los Angeles County,CA,33.72319688109162,NA,NA,NA
90034,Los Angeles County,CA,91.42300194931774,NA,NA,NA
90037,Los Angeles County,CA,NA,NA,44.25427872860636,NA
90044,Los Angeles County,CA,NA,NA,9.290953545232274,21.21212121212121
90057,Los Angeles County,CA,NA,NA,45.11002444987775,NA
90260,Los Angeles County,CA,NA,55.80110497237569,NA,NA
90278,Los Angeles County,CA,NA,NA,69.43765281173594,NA
90503,Los Angeles County,CA,NA,93.0939226519337,NA,NA
90660,Los Angeles County,CA,51.267056530214425,45.30386740331492,NA,NA
90706,Los Angeles County,CA,17.73879142300195,NA,NA,NA
90731,Los Angeles County,CA,NA,NA,93.39853300733496,NA
90805,Los Angeles County,CA,20.66276803118908,NA,NA,NA
91007,Los Angeles County,CA,NA,99.72375690607734,NA,NA
91030,Los Angeles County,CA,NA,97.51381215469614,NA,NA
91104,Los Angeles County,CA,85.18518518518519,NA,NA,NA
91303,Los Angeles County,CA,NA,NA,94.49877750611248,NA
91306,Los Angeles County,CA,NA,NA,78.72860635696821,NA
91320,Ventura County,CA,NA,NA,NA,61.36363636363637
91331,Los Angeles County,CA,NA,NA,17.114914425427873,NA
91335,Los Angeles County,CA,NA,74.30939226519338,NA,43.93939393939394
91343,Los Angeles County,CA,58.28460038986355,NA,NA,NA
91403,Los Angeles County,CA,NA,NA,93.76528117359413,NA
91702,Los Angeles County,CA,42.49512670565302,NA,NA,52.27272727272727
91706,Los Angeles County,CA,NA,20.441988950276244,NA,NA
91724,Los Angeles County,CA,NA,75.13812154696133,NA,NA
91731,Los Angeles County,CA,NA,NA,43.15403422982885,NA
91740,Los Angeles County,CA,NA,88.67403314917127,NA,NA
91761,San Bernardino County,CA,NA,30.662983425414364,NA,NA
91763,San Bernardino County,CA,NA,NA,73.4718826405868,NA
91765,Los Angeles County,CA,NA,NA,NA,62.878787878787875
91766,Los Angeles County,CA,43.07992202729044,NA,NA,NA
91770,Los Angeles County,CA,69.98050682261209,NA,NA,NA
91910,San Diego County,CA,NA,NA,NA,39.015151515151516
92021,San Diego County,CA,26.900584795321635,NA,NA,NA
92027,San Diego County,CA,NA,NA,NA,93.93939393939394
92056,San Diego County,CA,NA,NA,86.3080684596577,NA
92058,San Diego County,CA,NA,NA,89.364303178484107,NA
92083,San Diego County,CA,NA,25.96685082872928,NA,NA
92113,San Diego County,CA,NA,16.298342541436465,NA,NA
92117,San Diego County,CA,NA,NA,NA,62.5
92211,Riverside County,CA,NA,NA,NA,14.393939393939394
92225,Riverside County,CA,88.30409356725146,NA,NA,NA
92262,Riverside County,CA,NA,NA,28.361858190709043,NA
92316,San Bernardino County,CA,NA,NA,58.679706601467,NA
92335,San Bernardino County,CA,NA,NA,42.1760391198044,NA
92505,Riverside County,CA,NA,54.69613259668509,NA,NA
92530,Riverside County,CA,47.563352826510716,NA,NA,NA
92544,Riverside County,CA,76.0233918128655,NA,NA,NA
92562,Riverside County,CA,NA,NA,NA,43.18181818181818
92595,Riverside County,CA,53.021442495126706,NA,NA,NA
92618,Orange County,CA,NA,NA,72.24938875305624,NA
92620,Orange County,CA,62.1832358674464,NA,NA,NA
92647,Orange County,CA,NA,56.07734806629834,NA,NA
92656,Orange County,CA,35.28265107212476,NA,40.2200488997555,NA
92705,Orange County,CA,NA,NA,79.21760391198043,NA
92706,Orange County,CA,NA,41.43646408839779,NA,NA
92708,Orange County,CA,59.64912280701754,NA,NA,NA
92832,Orange County,CA,66.08187134502924,NA,NA,NA
93004,Ventura County,CA,NA,NA,63.81418092909536,NA
93036,Ventura County,CA,49.512670565302145,NA,NA,NA
93101,Santa Barbara County,CA,NA,NA,NA,88.63636363636364
93204,Kings County,CA,NA,69.88950276243095,NA,NA
93215,Kern County,CA,52.826510721247566,NA,NA,NA
93230,Kings County,CA,20.66276803118908,NA,NA,NA
93257,Tulare County,CA,NA,NA,49.02200488997555,NA
93274,Tulare County,CA,24.561403508771928,NA,8.06845965770171,22.348484848484848
93304,Kern County,CA,19.883040935672515,NA,NA,NA
93446,San Luis Obispo County,CA,50.682261208576996,NA,NA,NA
93535,Los Angeles County,CA,NA,NA,41.075794621026894,NA
93612,Fresno County,CA,NA,NA,NA,65.9090909090909
93630,Fresno County,CA,NA,63.25966850828729,NA,NA
93635,Merced County,CA,57.89473684210527,NA,NA,NA
93706,Fresno County,CA,NA,NA,29.462102689486553,NA
93722,Fresno County,CA,NA,20.718232044198896,12.34718826405868,NA
93727,Fresno County,CA,NA,11.602209944751381,NA,NA
93907,Monterey County,CA,NA,NA,NA,83.33333333333334
93924,Monterey County,CA,NA,NA,97.79951100244499,NA
94089,Santa Clara County,CA,92.98245614035088,NA,NA,NA
94509,Contra Costa County,CA,NA,41.16022099447514,NA,NA
94538,Alameda County,CA,NA,NA,NA,54.54545454545454
94541,Alameda County,CA,NA,32.87292817679558,30.440097799511,NA
94542,Alameda County,CA,NA,NA,NA,98.86363636363636
94550,Alameda County,CA,NA,NA,54.156479217603916,NA
94553,Contra Costa County,CA,34.69785575048733,NA,NA,NA
94559,Napa County,CA,NA,NA,71.760391198044,NA
94601,Alameda County,CA,NA,NA,NA,48.10606060606061
94925,Marin County,CA,NA,NA,NA,94.31818181818183
95008,Santa Clara County,CA,80.7017543859649,NA,NA,NA
95037,Santa Clara County,CA,NA,NA,64.66992665036675,NA
95120,Santa Clara County,CA,NA,97.51381215469614,NA,NA
95136,Santa Clara County,CA,NA,NA,NA,68.56060606060606
95205,San Joaquin County,CA,NA,37.569060773480665,NA,NA
95336,San Joaquin County,CA,NA,NA,NA,27.65151515151515
95340,Merced County,CA,NA,NA,41.93154034229829,NA
95367,Stanislaus County,CA,NA,80.93922651933701,NA,NA
95380,Stanislaus County,CA,NA,NA,33.618581907090466,NA
95448,Sonoma County,CA,84.7953216374269,NA,NA,56.060606060606055
95482,Mendocino County,CA,NA,NA,43.39853300733496,NA
95490,Mendocino County,CA,NA,85.0828729281768,NA,NA
95531,Del Norte County,CA,83.82066276803118,NA,NA,NA
95630,Sacramento County,CA,NA,NA,NA,20.454545454545457
95691,Yolo County,CA,NA,NA,60.63569682151589,NA
95818,Sacramento County,CA,NA,NA,81.90709046454768,NA
95838,Sacramento County,CA,NA,NA,42.42053789731051,NA
95926,Butte County,CA,NA,NA,40.70904645476773,NA
95928,Butte County,CA,NA,NA,40.58679706601467,NA
95993,Sutter County,CA,78.55750487329435,NA,NA,NA
96073,Shasta County,CA,NA,NA,NA,98.48484848484848
96122,Plumas County,CA,NA,NA,NA,87.12121212121212
80011,Arapahoe County,CO,NA,NA,36.674816625916876,NA
80012,Arapahoe County,CO,NA,NA,15.647921760391197,NA
80013,Arapahoe County,CO,NA,24.585635359116022,NA,NA
80015,Arapahoe County,CO,7.212475633528265,NA,NA,NA
80022,Adams County,CO,11.306042884990253,NA,NA,NA
80110,Arapahoe County,CO,NA,49.447513812154696,NA,NA
80112,Arapahoe County,CO,NA,NA,61.7359413202934,NA
80127,Jefferson County,CO,NA,NA,82.76283618581907,NA
80134,Douglas County,CO,NA,NA,67.6039119804401,NA
80202,Denver County,CO,90.83820662768031,NA,NA,NA
80212,Denver County,CO,NA,NA,82.88508557457213,NA
80221,Adams County,CO,NA,NA,NA,60.60606060606061
80227,Jefferson County,CO,NA,NA,66.50366748166259,NA
80231,Denver County,CO,38.59649122807017,NA,NA,NA
80501,Boulder County,CO,NA,41.71270718232044,NA,NA
80504,Boulder County,CO,NA,NA,38.141809290953546,NA
80516,Weld County,CO,NA,NA,74.57212713936431,NA
80526,Larimer County,CO,NA,72.65193370165746,NA,NA
80528,Larimer County,CO,36.84210526315789,NA,NA,NA
80538,Larimer County,CO,NA,NA,17.970660146699267,NA
80601,Adams County,CO,NA,NA,39.73105134474328,NA
80634,Weld County,CO,NA,NA,3.3007334963325183,3.4090909090909087
80645,Weld County,CO,NA,NA,95.59902200488997,NA
80903,El Paso County,CO,NA,NA,43.88753056234719,NA
80917,El Paso County,CO,39.96101364522417,NA,NA,NA
80923,El Paso County,CO,NA,NA,70.4156479217604,NA
81005,Pueblo County,CO,NA,NA,43.76528117359413,NA
81067,Otero County,CO,NA,NA,97.06601466992664,NA
81101,Alamosa County,CO,NA,NA,50.61124694376527,NA
81650,Garfield County,CO,NA,NA,NA,69.31818181818183
06002,Hartford County,CT,NA,NA,NA,37.5
06010,Hartford County,CT,6.042884990253411,NA,NA,NA
06037,Hartford County,CT,NA,NA,80.07334963325184,NA
06040,Hartford County,CT,NA,NA,14.303178484107578,NA
06052,Hartford County,CT,NA,NA,NA,90.53030303030303
06084,Tolland County,CT,NA,NA,83.49633251833741,NA
06095,Hartford County,CT,NA,59.392265193370164,NA,NA
06111,Hartford County,CT,NA,NA,44.743276283618584,NA
06112,Hartford County,CT,NA,NA,23.594132029339853,NA
06114,Hartford County,CT,11.500974658869396,NA,23.4718826405868,NA
06234,Windham County,CT,NA,NA,73.22738386308069,NA
06260,Windham County,CT,NA,NA,36.91931540342298,NA
06401,New Haven County,CT,NA,NA,36.552567237163814,NA
06403,New Haven County,CT,NA,NA,96.21026894865525,NA
06480,Middlesex County,CT,NA,NA,78.11735941320293,NA
06484,Fairfield County,CT,NA,NA,42.053789731051346,NA
06492,New Haven County,CT,NA,63.812154696132595,NA,NA
06511,New Haven County,CT,NA,NA,6.47921760391198,NA
06516,New Haven County,CT,NA,NA,NA,5.303030303030303
06610,Fairfield County,CT,NA,40.331491712707184,NA,NA
06705,New Haven County,CT,NA,NA,NA,36.74242424242424
06710,New Haven County,CT,NA,NA,67.23716381418093,NA
06902,Fairfield County,CT,NA,40.055248618784525,NA,NA
19702,New Castle County,DE,NA,14.3646408839779,NA,NA
19703,New Castle County,DE,62.57309941520468,NA,NA,NA
19805,New Castle County,DE,NA,35.91160220994475,3.6674816625916873,NA
19808,New Castle County,DE,36.06237816764132,NA,NA,NA
19904,Kent County,DE,NA,NA,19.43765281173594,NA
19950,Sussex County,DE,NA,NA,NA,85.60606060606061
19973,Sussex County,DE,NA,NA,NA,25.757575757575758
32011,Nassau County,FL,NA,NA,68.09290953545232,NA
32071,Suwannee County,FL,NA,NA,98.8997555012225,NA
32073,Clay County,FL,40.74074074074074,NA,NA,NA
32114,Volusia County,FL,NA,NA,29.584352078239608,NA
32164,Flagler County,FL,41.13060428849902,NA,NA,NA
32168,Volusia County,FL,NA,NA,70.90464547677261,NA
32209,Duval County,FL,NA,NA,6.234718826405868,NA
32211,Duval County,FL,NA,NA,27.995110024449875,NA
32216,Duval County,FL,NA,NA,25.67237163814181,NA
32225,Duval County,FL,NA,17.403314917127073,NA,NA
32348,Taylor County,FL,NA,NA,83.98533007334963,NA
32413,Bay County,FL,NA,NA,81.05134474327629,NA
32439,Walton County,FL,NA,91.71270718232044,NA,NA
32465,Gulf County,FL,84.40545808966861,NA,NA,NA
32504,Escambia County,FL,43.27485380116959,NA,NA,NA
32505,Escambia County,FL,NA,26.519337016574585,NA,NA
32536,Okaloosa County,FL,NA,NA,NA,33.33333333333333
32547,Okaloosa County,FL,NA,NA,48.655256723716384,NA
32561,Santa Rosa County,FL,82.84600389863547,NA,NA,NA
32563,Santa Rosa County,FL,NA,NA,38.997555012224936,NA
32578,Okaloosa County,FL,NA,NA,61.858190709046454,NA
32608,Alachua County,FL,NA,46.96132596685083,NA,NA
32609,Alachua County,FL,NA,NA,27.26161369193154,NA
32653,Alachua County,FL,NA,NA,NA,47.72727272727273
32712,Orange County,FL,NA,47.23756906077348,NA,NA
32765,Seminole County,FL,NA,NA,65.28117359413203,NA
32822,Orange County,FL,NA,17.67955801104972,NA,NA
32828,Orange County,FL,NA,45.58011049723757,NA,NA
32836,Orange County,FL,NA,NA,92.78728606356968,NA
32839,Orange County,FL,14.230019493177387,NA,NA,NA
32905,Brevard County,FL,61.79337231968811,59.392265193370164,NA,NA
32955,Brevard County,FL,NA,56.353591160220994,NA,NA
32960,Indian River County,FL,NA,NA,55.13447432762836,NA
32962,Indian River County,FL,NA,NA,NA,50.75757575757576
33012,Miami-Dade County,FL,NA,34.806629834254146,NA,NA
33016,Miami-Dade County,FL,NA,24.03314917127072,NA,NA
33018,Miami-Dade County,FL,NA,NA,81.66259168704157,NA
33020,Broward County,FL,NA,36.74033149171271,NA,NA
33025,Broward County,FL,23.586744639376217,NA,NA,NA
33033,Miami-Dade County,FL,NA,NA,48.655256723716384,NA
33054,Miami-Dade County,FL,NA,20.994475138121548,NA,NA
33063,Broward County,FL,NA,NA,79.70660146699267,NA
33065,Broward County,FL,26.31578947368421,NA,NA,NA
33076,Broward County,FL,NA,NA,NA,71.96969696969697
33125,Miami-Dade County,FL,26.705653021442494,NA,NA,46.96969696969697
33127,Miami-Dade County,FL,66.27680311890838,NA,NA,71.21212121212122
33130,Miami-Dade County,FL,NA,NA,87.1638141809291,NA
33133,Miami-Dade County,FL,NA,NA,82.27383863080685,NA
33142,Miami-Dade County,FL,NA,NA,25.183374083129586,NA
33150,Miami-Dade County,FL,NA,NA,58.801955990220044,NA
33175,Miami-Dade County,FL,NA,NA,63.691931540342296,NA
33183,Miami-Dade County,FL,NA,37.01657458563536,NA,NA
33186,Miami-Dade County,FL,4.483430799220272,NA,57.8239608801956,NA
33194,Miami-Dade County,FL,NA,92.5414364640884,NA,NA
33196,Miami-Dade County,FL,NA,35.35911602209944,NA,NA
33311,Broward County,FL,NA,NA,35.085574572127136,NA
33312,Broward County,FL,32.16374269005848,NA,75.67237163814181,23.106060606060606
33313,Broward County,FL,NA,NA,28.117359413202937,NA
33317,Broward County,FL,NA,50.552486187845304,NA,NA
33321,Broward County,FL,NA,28.176795580110497,NA,NA
33325,Broward County,FL,NA,NA,80.1955990220049,NA
33326,Broward County,FL,74.26900584795322,NA,NA,NA
33351,Broward County,FL,NA,NA,78.85085574572128,NA
33401,Palm Beach County,FL,NA,NA,NA,78.4090909090909
33404,Palm Beach County,FL,16.17933723196881,NA,NA,NA
33407,Palm Beach County,FL,NA,27.071823204419886,NA,NA
33410,Palm Beach County,FL,NA,NA,NA,43.56060606060606
33417,Palm Beach County,FL,70.17543859649122,NA,NA,NA
33441,Broward County,FL,NA,NA,NA,68.18181818181817
33446,Palm Beach County,FL,NA,NA,NA,39.77272727272727
33525,Pasco County,FL,NA,NA,77.62836185819071,NA
33534,Hillsborough County,FL,77.97270955165692,NA,NA,NA
33584,Hillsborough County,FL,NA,NA,63.20293398533008,NA
33610,Hillsborough County,FL,NA,NA,20.78239608801956,NA
33701,Pinellas County,FL,NA,96.40883977900553,NA,NA
33705,Pinellas County,FL,NA,44.751381215469614,NA,NA
33710,Pinellas County,FL,NA,NA,NA,52.65151515151515
33712,Pinellas County,FL,NA,NA,NA,64.39393939393939
33714,Pinellas County,FL,NA,79.55801104972376,NA,NA
33755,Pinellas County,FL,NA,67.40331491712708,NA,NA
33756,Pinellas County,FL,NA,NA,52.933985330073355,NA
33762,Pinellas County,FL,96.10136452241716,NA,NA,NA
33770,Pinellas County,FL,NA,70.44198895027624,NA,NA
33774,Pinellas County,FL,NA,NA,79.21760391198043,NA
33801,Polk County,FL,NA,29.005524861878452,NA,NA
33805,Polk County,FL,NA,NA,46.21026894865526,NA
33914,Lee County,FL,NA,62.15469613259669,NA,NA
33916,Lee County,FL,NA,NA,44.86552567237164,NA
33948,Charlotte County,FL,NA,NA,86.67481662591688,NA
33980,Charlotte County,FL,95.51656920077973,NA,NA,NA
33993,Lee County,FL,NA,NA,56.234718826405874,NA
34120,Collier County,FL,NA,NA,NA,51.89393939393939
34205,Manatee County,FL,NA,NA,40.2200488997555,NA
34232,Sarasota County,FL,29.0448343079922,NA,NA,NA
34286,Sarasota County,FL,69.78557504873294,NA,NA,64.01515151515152
34287,Sarasota County,FL,NA,NA,59.535452322738394,NA
34480,Marion County,FL,NA,NA,68.7041564792176,NA
34606,Hernando County,FL,NA,NA,49.63325183374083,NA
34609,Hernando County,FL,NA,NA,37.89731051344744,NA
34613,Hernando County,FL,NA,NA,81.2958435207824,NA
34714,Lake County,FL,NA,NA,80.68459657701712,NA
34953,St. Lucie County,FL,25.53606237816764,NA,NA,NA
34986,St. Lucie County,FL,NA,NA,55.501222493887525,NA
30034,DeKalb County,GA,NA,NA,35.69682151589242,NA
30040,Forsyth County,GA,NA,NA,32.27383863080684,NA
30044,Gwinnett County,GA,19.298245614035086,NA,NA,NA
30076,Fulton County,GA,NA,NA,NA,53.03030303030303
30087,DeKalb County,GA,NA,NA,NA,26.515151515151516
30107,Cherokee County,GA,NA,NA,91.0757946210269,NA
30120,Bartow County,GA,NA,NA,27.506112469437653,NA
30126,Cobb County,GA,50.487329434697855,NA,NA,NA
30134,Douglas County,GA,31.57894736842105,NA,NA,NA
30135,Douglas County,GA,11.11111111111111,NA,20.415647921760392,NA
30141,Paulding County,GA,73.2943469785575,NA,NA,NA
30157,Paulding County,GA,NA,NA,33.007334963325185,NA
30168,Cobb County,GA,50.29239766081871,NA,NA,NA
30238,Clayton County,GA,NA,NA,60.51344743276283,NA
30240,Troup County,GA,16.17933723196881,NA,NA,NA
30260,Clayton County,GA,NA,67.95580110497238,NA,NA
30291,Fulton County,GA,NA,NA,45.72127139364303,NA
30294,DeKalb County,GA,NA,58.28729281767956,NA,NA
30296,Clayton County,GA,NA,NA,70.29339853300733,NA
30310,Fulton County,GA,44.44444444444444,NA,NA,NA
30339,Cobb County,GA,NA,NA,81.66259168704157,NA
30345,DeKalb County,GA,NA,82.04419889502762,NA,NA
30349,Fulton County,GA,8.966861598440545,NA,10.635696821515893,NA
30427,Tattnall County,GA,NA,NA,NA,92.04545454545455
30458,Bulloch County,GA,33.33333333333333,NA,NA,NA
30506,Hall County,GA,NA,74.86187845303867,NA,NA
30507,Hall County,GA,NA,NA,50.8557457212714,NA
30512,Union County,GA,NA,NA,80.92909535452323,NA
30519,Gwinnett County,GA,NA,71.54696132596685,NA,NA
30528,White County,GA,NA,NA,59.7799511002445,NA
30529,Jackson County,GA,74.46393762183236,NA,NA,NA
30548,Jackson County,GA,NA,NA,NA,85.22727272727273
30655,Walton County,GA,NA,52.762430939226526,NA,NA
30677,Oconee County,GA,NA,96.40883977900553,NA,NA
30707,Walker County,GA,63.35282651072125,NA,NA,NA
30736,Catoosa County,GA,NA,NA,15.770171149144256,NA
30805,Richmond County,GA,NA,NA,99.63325183374083,NA
30809,Columbia County,GA,30.994152046783626,NA,NA,NA
30814,Columbia County,GA,NA,NA,86.18581907090464,NA
30906,Richmond County,GA,NA,20.994475138121548,NA,NA
31031,Wilkinson County,GA,92.39766081871345,NA,NA,NA
31032,Jones County,GA,NA,NA,NA,84.84848484848484
31093,Houston County,GA,NA,NA,39.48655256723717,NA
31210,Bibb County,GA,NA,NA,70.04889975550122,NA
31406,Chatham County,GA,NA,NA,NA,35.60606060606061
31513,Appling County,GA,84.21052631578947,NA,NA,NA
31539,Jeff Davis County,GA,84.99025341130604,NA,NA,NA
31601,Lowndes County,GA,31.57894736842105,NA,NA,NA
31602,Lowndes County,GA,47.953216374269005,NA,NA,NA
31626,Thomas County,GA,NA,NA,97.67726161369194,NA
31632,Lowndes County,GA,72.90448343079922,NA,NA,NA
31636,Lowndes County,GA,NA,NA,87.4083129584352,NA
31714,Turner County,GA,91.42300194931774,NA,82.64058679706602,NA
31750,Ben Hill County,GA,NA,67.95580110497238,NA,NA
31771,Colquitt County,GA,96.88109161793372,NA,NA,NA
31791,Worth County,GA,NA,NA,60.024449877750605,NA
31794,Tift County,GA,NA,50.552486187845304,NA,NA
31807,Harris County,GA,99.22027290448344,NA,NA,NA
31907,Muscogee County,GA,NA,NA,11.00244498777506,NA
39819,Decatur County,GA,NA,NA,85.33007334963325,NA
39823,Early County,GA,NA,87.56906077348067,NA,NA
96701,Honolulu County,HI,NA,NA,40.46454767726161,NA
96707,Honolulu County,HI,27.485380116959064,NA,NA,NA
96720,Hawaii County,HI,NA,NA,39.24205378973105,NA
96782,Honolulu County,HI,NA,NA,43.03178484107579,NA
96790,Maui County,HI,NA,NA,96.82151589242054,NA
96792,Honolulu County,HI,NA,NA,47.79951100244499,NA
96793,Maui County,HI,NA,NA,83.00733496332519,NA
83204,Bannock County,ID,NA,NA,60.880195599022,NA
83401,Bonneville County,ID,NA,8.287292817679557,NA,NA
83672,Washington County,ID,NA,NA,NA,83.71212121212122
83686,Canyon County,ID,12.085769980506821,NA,NA,7.196969696969697
83702,Ada County,ID,NA,NA,NA,26.136363636363637
83706,Ada County,ID,NA,NA,NA,29.924242424242426
83854,Kootenai County,ID,26.31578947368421,NA,NA,NA
83858,Kootenai County,ID,NA,NA,85.57457212713936,NA
60008,Cook County,IL,NA,NA,76.16136919315404,NA
60010,Lake County,IL,40.5458089668616,NA,NA,NA
60016,Cook County,IL,61.01364522417154,NA,NA,NA
60018,Cook County,IL,NA,NA,72.00488997555013,NA
60020,Lake County,IL,NA,NA,91.93154034229829,NA
60068,Cook County,IL,NA,NA,47.066014669926645,NA
60084,Lake County,IL,NA,NA,80.440097799511,NA
60089,Lake County,IL,50.097465886939574,NA,NA,NA
60110,Kane County,IL,NA,NA,55.74572127139364,NA
60123,Kane County,IL,NA,NA,28.361858190709043,NA
60126,DuPage County,IL,NA,NA,13.814180929095354,NA
60148,DuPage County,IL,NA,NA,20.904645476772615,NA
60152,McHenry County,IL,NA,NA,83.25183374083129,NA
60160,Cook County,IL,NA,NA,NA,75.75757575757575
60162,Cook County,IL,NA,NA,85.81907090464547,NA
60174,Kane County,IL,40.35087719298245,NA,NA,NA
60187,DuPage County,IL,42.69005847953216,NA,NA,NA
60189,DuPage County,IL,NA,NA,NA,30.303030303030305
60202,Cook County,IL,NA,NA,68.33740831295843,NA
60403,Will County,IL,69.39571150097466,NA,NA,NA
60435,Will County,IL,23.586744639376217,NA,NA,NA
60436,Will County,IL,NA,NA,66.01466992665037,NA
60439,Cook County,IL,NA,NA,51.71149144254279,NA
60446,Will County,IL,NA,NA,21.638141809290953,NA
60452,Cook County,IL,NA,NA,56.11246943765281,NA
60465,Cook County,IL,88.10916179337231,NA,NA,NA
60487,Cook County,IL,60.23391812865497,NA,63.81418092909536,NA
60503,Will County,IL,87.5243664717349,NA,NA,NA
60506,Kane County,IL,NA,NA,31.90709046454768,NA
60515,DuPage County,IL,63.93762183235867,NA,NA,NA
60555,DuPage County,IL,77.58284600389864,NA,NA,NA
60558,Cook County,IL,62.768031189083814,NA,NA,NA
60564,Will County,IL,28.84990253411306,NA,NA,NA
60565,DuPage County,IL,NA,NA,36.79706601466993,NA
60619,Cook County,IL,NA,NA,NA,7.954545454545454
60629,Cook County,IL,NA,NA,8.190709046454767,NA
60632,Cook County,IL,NA,NA,19.682151589242054,NA
60639,Cook County,IL,NA,NA,12.836185819070906,NA
60649,Cook County,IL,NA,NA,20.17114914425428,NA
60901,Kankakee County,IL,NA,NA,22.982885085574573,NA
61201,Rock Island County,IL,47.173489278752434,NA,NA,NA
61244,Rock Island County,IL,NA,NA,74.81662591687042,NA
61310,Lee County,IL,76.0233918128655,NA,NA,NA
61554,Tazewell County,IL,NA,NA,34.96332518337408,NA
62024,Madison County,IL,89.8635477582846,NA,NA,NA
62208,St. Clair County,IL,NA,NA,NA,70.45454545454545
62656,Logan County,IL,NA,NA,NA,73.10606060606061
62859,Hamilton County,IL,75.04873294346979,NA,NA,NA
46131,Johnson County,IN,53.41130604288499,NA,NA,NA
46143,Johnson County,IN,25.925925925925924,NA,NA,NA
46158,Morgan County,IN,NA,69.06077348066299,NA,NA
46218,Marion County,IN,NA,NA,NA,25
46219,Marion County,IN,NA,NA,17.84841075794621,NA
46221,Marion County,IN,48.148148148148145,NA,NA,NA
46224,Marion County,IN,NA,NA,37.04156479217604,NA
46237,Marion County,IN,NA,NA,26.283618581907092,NA
46254,Marion County,IN,15.594541910331383,NA,NA,NA
46303,Lake County,IN,NA,NA,52.81173594132029,NA
46307,Lake County,IN,NA,NA,1.9559902200488997,NA
46360,LaPorte County,IN,NA,NA,31.295843520782395,NA
46368,Porter County,IN,NA,NA,NA,3.0303030303030303
46373,Lake County,IN,NA,NA,35.94132029339853,NA
46405,Lake County,IN,46.198830409356724,NA,NA,58.333333333333336
46410,Lake County,IN,17.348927875243664,NA,NA,NA
46737,Steuben County,IN,94.54191033138402,NA,NA,NA
46765,Allen County,IN,NA,NA,94.74327628361858,NA
46805,Allen County,IN,NA,NA,38.87530562347188,NA
46947,Cass County,IN,0.3898635477582846,NA,NA,NA
46953,Grant County,IN,NA,NA,16.503667481662593,NA
47130,Clark County,IN,NA,NA,13.32518337408313,NA
47143,Clark County,IN,97.07602339181285,NA,NA,NA
47164,Harrison County,IN,NA,NA,97.43276283618582,NA
47220,Jackson County,IN,93.95711500974659,NA,NA,NA
47240,Decatur County,IN,NA,NA,74.44987775061125,NA
47274,Jackson County,IN,NA,57.73480662983425,NA,NA
47421,Lawrence County,IN,NA,NA,75.55012224938875,22.727272727272727
47429,Monroe County,IN,87.71929824561403,NA,NA,NA
47546,Dubois County,IN,51.267056530214425,NA,60.26894865525673,NA
47567,Pike County,IN,NA,NA,NA,89.01515151515152
47591,Knox County,IN,NA,52.20994475138122,NA,NA
47670,Gibson County,IN,NA,NA,NA,91.28787878787878
47710,Vanderburgh County,IN,NA,NA,42.298288508557455,NA
50010,Story County,IA,NA,NA,87.04156479217605,NA
50112,Poweshiek County,IA,NA,83.14917127071824,NA,NA
50126,Hardin County,IA,92.98245614035088,NA,NA,NA
50201,Story County,IA,NA,NA,87.77506112469437,NA
50220,Dallas County,IA,NA,77.62430939226519,78.36185819070904,NA
50313,Polk County,IA,NA,61.04972375690608,NA,NA
50315,Polk County,IA,NA,NA,11.7359413202934,NA
50316,Polk County,IA,NA,NA,NA,60.984848484848484
51028,Plymouth County,IA,NA,NA,100,NA
51054,Woodbury County,IA,NA,NA,96.69926650366747,NA
51501,Pottawattamie County,IA,NA,NA,4.400977995110025,NA
51632,Page County,IA,NA,NA,NA,68.93939393939394
52001,Dubuque County,IA,NA,NA,21.76039119804401,NA
52031,Jackson County,IA,NA,NA,99.38875305623472,NA
52060,Jackson County,IA,NA,NA,88.63080684596576,NA
52101,Winneshiek County,IA,80.11695906432749,NA,NA,NA
52136,Howard County,IA,NA,95.30386740331491,NA,NA
52531,Monroe County,IA,NA,NA,NA,87.5
52556,Jefferson County,IA,89.08382066276803,NA,NA,67.04545454545455
52601,Des Moines County,IA,33.33333333333333,NA,NA,NA
52627,Lee County,IA,NA,80.66298342541437,NA,NA
52632,Lee County,IA,NA,NA,78.60635696821517,NA
52732,Clinton County,IA,26.120857699805068,NA,NA,NA
52806,Scott County,IA,NA,NA,27.87286063569682,NA
66030,Johnson County,KS,44.44444444444444,NA,NA,NA
66061,Johnson County,KS,NA,NA,27.017114914425427,NA
66067,Franklin County,KS,NA,NA,66.25916870415648,NA
66085,Johnson County,KS,NA,NA,NA,88.25757575757575
66102,Wyandotte County,KS,NA,NA,58.924205378973106,NA
66208,Johnson County,KS,64.32748538011695,NA,NA,NA
66215,Johnson County,KS,34.1130604288499,NA,NA,NA
66725,Cherokee County,KS,NA,NA,NA,97.72727272727273
67152,Sumner County,KS,NA,93.92265193370166,NA,NA
67212,Sedgwick County,KS,NA,NA,72.49388753056235,NA
67217,Sedgwick County,KS,35.08771929824561,NA,60.14669926650367,NA
67410,Dickinson County,KS,91.03313840155946,NA,NA,NA
67456,McPherson County,KS,NA,NA,NA,81.06060606060606
67554,Rice County,KS,NA,NA,99.75550122249389,NA
40004,Nelson County,KY,NA,NA,25.4278728606357,NA
40014,Oldham County,KY,NA,NA,77.87286063569681,NA
40031,Oldham County,KY,61.40350877192983,NA,NA,NA
40047,Bullitt County,KY,32.748538011695906,NA,NA,NA
40067,Shelby County,KY,NA,99.17127071823204,NA,NA
40143,Breckinridge County,KY,NA,NA,91.44254278728606,NA
40203,Jefferson County,KY,NA,NA,NA,50.378787878787875
40208,Jefferson County,KY,NA,NA,56.96821515892421,NA
40210,Jefferson County,KY,NA,NA,87.89731051344744,NA
40211,Jefferson County,KY,NA,NA,19.193154034229828,NA
40212,Jefferson County,KY,23.976608187134502,NA,NA,NA
40215,Jefferson County,KY,NA,35.91160220994475,NA,NA
40216,Jefferson County,KY,NA,22.92817679558011,NA,NA
40219,Jefferson County,KY,24.366471734892787,NA,NA,NA
40228,Jefferson County,KY,NA,NA,NA,71.21212121212122
40229,Jefferson County,KY,NA,NA,17.48166259168704,NA
40330,Mercer County,KY,NA,NA,61.24694376528117,NA
40351,Rowan County,KY,53.606237816764136,NA,NA,NA
40356,Jessamine County,KY,NA,23.204419889502763,NA,NA
40391,Clark County,KY,NA,NA,NA,17.424242424242426
40419,Lincoln County,KY,NA,75.69060773480662,NA,NA
40475,Madison County,KY,NA,NA,10.880195599022006,NA
40484,Lincoln County,KY,NA,NA,77.13936430317848,NA
40734,Knox County,KY,NA,NA,NA,98.10606060606061
40831,Harlan County,KY,NA,78.45303867403315,NA,NA
41006,Pendleton County,KY,NA,NA,92.29828850855746,NA
41008,Carroll County,KY,NA,NA,84.59657701711491,NA
41015,Kenton County,KY,NA,NA,33.12958435207824,NA
41017,Kenton County,KY,30.01949317738791,NA,NA,NA
41042,Boone County,KY,NA,31.767955801104975,NA,NA
41048,Boone County,KY,41.91033138401559,NA,NA,NA
41051,Kenton County,KY,51.85185185185185,NA,NA,NA
41056,Mason County,KY,NA,NA,49.75550122249388,NA
41076,Campbell County,KY,NA,NA,79.09535452322739,NA
41102,Boyd County,KY,NA,NA,28.23960880195599,NA
42101,Warren County,KY,16.95906432748538,46.68508287292818,8.924205378973104,NA
42134,Simpson County,KY,86.35477582846003,NA,NA,NA
42220,Todd County,KY,85.7699805068226,NA,NA,NA
42240,Christian County,KY,NA,NA,8.557457212713937,NA
42347,Ohio County,KY,90.25341130604289,NA,NA,NA
42442,Hopkins County,KY,NA,NA,96.9437652811736,NA
42701,Hardin County,KY,NA,NA,16.13691931540342,NA
42717,Cumberland County,KY,NA,NA,64.91442542787286,NA
42718,Taylor County,KY,NA,47.23756906077348,NA,NA
42743,Green County,KY,NA,NA,75.91687041564792,NA
42754,Grayson County,KY,NA,43.0939226519337,NA,NA
42765,Hart County,KY,NA,72.37569060773481,NA,NA
70003,Jefferson Parish,LA,3.313840155945419,NA,NA,NA
70037,Plaquemines Parish,LA,NA,NA,NA,73.48484848484848
70043,St. Bernard Parish,LA,NA,NA,21.515892420537895,NA
70053,Jefferson Parish,LA,85.7699805068226,NA,NA,NA
70068,St. John the Baptist Parish,LA,NA,3.867403314917127,13.691931540342297,NA
70070,St. Charles Parish,LA,NA,29.83425414364641,NA,NA
70072,Jefferson Parish,LA,0,NA,NA,NA
70084,St. John the Baptist Parish,LA,NA,41.71270718232044,NA,NA
70094,Jefferson Parish,LA,25.730994152046783,NA,NA,NA
70117,Orleans Parish,LA,NA,39.50276243093923,NA,20.075757575757574
70119,Orleans Parish,LA,7.992202729044834,NA,NA,NA
70122,Orleans Parish,LA,NA,NA,NA,15.909090909090908
70123,Jefferson Parish,LA,NA,33.70165745856354,NA,NA
70125,Orleans Parish,LA,18.128654970760234,NA,NA,NA
70126,Orleans Parish,LA,NA,NA,8.312958435207824,NA
70301,Lafourche Parish,LA,NA,NA,NA,13.257575757575758
70363,Terrebonne Parish,LA,NA,1.1049723756906076,NA,NA
70374,Lafourche Parish,LA,32.94346978557505,NA,NA,NA
70390,Assumption Parish,LA,NA,NA,67.23716381418093,NA
70403,Tangipahoa Parish,LA,NA,NA,NA,37.878787878787875
70437,St. Tammany Parish,LA,NA,52.20994475138122,NA,NA
70438,Washington Parish,LA,NA,NA,19.070904645476773,NA
70448,St. Tammany Parish,LA,NA,NA,98.53300733496333,NA
70501,Lafayette Parish,LA,NA,NA,51.22249388753056,NA
70507,Lafayette Parish,LA,29.629629629629626,NA,NA,NA
70510,Vermilion Parish,LA,8.382066276803119,NA,NA,NA
70517,St. Martin Parish,LA,NA,NA,18.581907090464547,NA
70578,Acadia Parish,LA,NA,80.11049723756905,NA,NA
70586,Evangeline Parish,LA,NA,NA,22.00488997555012,NA
70592,Lafayette Parish,LA,NA,16.022099447513813,NA,75
70607,Calcasieu Parish,LA,NA,NA,20.048899755501225,NA
70615,Calcasieu Parish,LA,60.23391812865497,NA,NA,NA
70726,Livingston Parish,LA,1.5594541910331383,NA,16.625916870415647,NA
70734,Ascension Parish,LA,83.62573099415205,NA,NA,NA
70737,Ascension Parish,LA,NA,NA,9.04645476772616,NA
70785,Livingston Parish,LA,NA,NA,83.74083129584352,NA
70808,East Baton Rouge Parish,LA,33.13840155945419,NA,NA,NA
70810,East Baton Rouge Parish,LA,NA,54.14364640883977,NA,NA
70817,East Baton Rouge Parish,LA,9.35672514619883,38.39779005524862,NA,NA
71075,Webster Parish,LA,65.10721247563353,NA,NA,NA
71104,Caddo Parish,LA,NA,NA,NA,72.72727272727273
71106,Caddo Parish,LA,4.28849902534113,NA,NA,NA
71107,Caddo Parish,LA,NA,32.32044198895028,NA,NA
71108,Caddo Parish,LA,NA,NA,13.93643031784841,NA
71109,Caddo Parish,LA,NA,NA,69.92665036674816,NA
71111,Bossier Parish,LA,NA,5.801104972375691,NA,NA
71220,Morehouse Parish,LA,6.432748538011696,11.049723756906078,NA,NA
71251,Jackson Parish,LA,NA,12.98342541436464,NA,NA
71346,Rapides Parish,LA,NA,100,NA,NA
71405,Rapides Parish,LA,NA,46.408839779005525,NA,NA
03901,York County,ME,NA,79.55801104972376,NA,NA
04073,York County,ME,NA,28.45303867403315,NA,NA
04092,Cumberland County,ME,NA,39.77900552486188,NA,NA
04103,Cumberland County,ME,NA,NA,28.728606356968218,NA
04210,Androscoggin County,ME,NA,59.392265193370164,NA,NA
04254,Androscoggin County,ME,NA,NA,94.9877750611247,NA
04294,Franklin County,ME,NA,NA,91.56479217603912,NA
04401,Penobscot County,ME,NA,NA,2.444987775061125,NA
04572,Lincoln County,ME,NA,77.62430939226519,NA,NA
04953,Penobscot County,ME,97.07602339181285,NA,NA,NA
04963,Kennebec County,ME,89.66861598440545,NA,NA,NA
04976,Somerset County,ME,37.23196881091618,NA,NA,NA
20723,Howard County,MD,NA,NA,86.43031784841075,NA
20732,Calvert County,MD,NA,NA,92.90953545232273,NA
20747,Prince George's County,MD,NA,NA,53.30073349633252,NA
20774,Prince George's County,MD,NA,NA,50.61124694376527,NA
20815,Montgomery County,MD,NA,NA,NA,81.81818181818183
20853,Montgomery County,MD,NA,NA,86.06356968215158,NA
20854,Montgomery County,MD,NA,NA,88.26405867970661,75.37878787878788
20878,Montgomery County,MD,NA,NA,53.0562347188264,66.28787878787878
20901,Montgomery County,MD,NA,NA,83.37408312958435,NA
21029,Howard County,MD,86.54970760233918,NA,NA,NA
21054,Anne Arundel County,MD,92.00779727095517,NA,NA,NA
21117,Baltimore County,MD,41.32553606237816,NA,36.18581907090464,NA
21207,Baltimore County,MD,68.2261208576998,NA,NA,NA
21217,Baltimore city,MD,NA,NA,29.21760391198044,NA
21220,Baltimore County,MD,NA,NA,56.60146699266504,NA
21601,Talbot County,MD,NA,NA,76.5281173594132,NA
21703,Frederick County,MD,83.82066276803118,NA,NA,NA
21740,Washington County,MD,NA,NA,25.06112469437653,NA
21811,Worcester County,MD,NA,NA,65.52567237163814,NA
21817,Somerset County,MD,NA,NA,98.2885085574572,NA
01040,Hampden County,MA,NA,2.209944751381215,NA,NA
01105,Hampden County,MA,NA,NA,NA,16.28787878787879
01108,Hampden County,MA,NA,NA,1.7114914425427872,NA
01247,Berkshire County,MA,NA,NA,32.640586797066014,NA
01301,Franklin County,MA,NA,NA,15.892420537897312,NA
01453,Worcester County,MA,NA,NA,NA,42.42424242424242
01603,Worcester County,MA,NA,NA,33.863080684596575,23.484848484848484
01608,Worcester County,MA,NA,49.447513812154696,NA,NA
01702,Middlesex County,MA,7.4074074074074066,NA,NA,NA
01757,Worcester County,MA,NA,NA,2.689486552567237,NA
01810,Essex County,MA,NA,NA,18.82640586797066,NA
01821,Middlesex County,MA,NA,NA,6.968215158924205,NA
01824,Middlesex County,MA,NA,NA,NA,9.090909090909092
01826,Middlesex County,MA,NA,NA,NA,74.24242424242425
01840,Essex County,MA,NA,60.22099447513812,NA,NA
01852,Middlesex County,MA,NA,NA,2.8117359413202934,NA
01863,Middlesex County,MA,NA,61.04972375690608,NA,NA
01864,Middlesex County,MA,65.69200779727096,NA,NA,NA
01907,Essex County,MA,69.20077972709552,NA,NA,NA
01923,Essex County,MA,NA,NA,5.012224938875306,NA
01970,Essex County,MA,NA,8.011049723756907,NA,NA
01982,Essex County,MA,79.92202729044834,NA,NA,NA
02038,Norfolk County,MA,NA,NA,18.704156479217605,NA
02119,Suffolk County,MA,NA,2.7624309392265194,NA,NA
02121,Suffolk County,MA,NA,NA,0.12224938875305623,NA
02125,Suffolk County,MA,NA,NA,0.24449877750611246,NA
02127,Suffolk County,MA,NA,NA,NA,12.121212121212121
02130,Suffolk County,MA,NA,NA,26.65036674816626,NA
02135,Suffolk County,MA,30.79922027290448,NA,NA,NA
02143,Middlesex County,MA,18.9083820662768,NA,NA,NA
02145,Middlesex County,MA,NA,NA,6.601466992665037,NA
02148,Middlesex County,MA,NA,1.3812154696132597,NA,0
02149,Middlesex County,MA,NA,NA,10.513447432762836,1.1363636363636365
02186,Norfolk County,MA,NA,NA,NA,32.95454545454545
02302,Plymouth County,MA,NA,NA,86.55256723716381,NA
02324,Plymouth County,MA,NA,NA,15.28117359413203,NA
02339,Plymouth County,MA,NA,NA,NA,72.34848484848484
02368,Norfolk County,MA,NA,NA,2.3227383863080684,85.98484848484848
02453,Middlesex County,MA,31.189083820662766,NA,NA,NA
02472,Middlesex County,MA,NA,26.795580110497237,NA,NA
02474,Middlesex County,MA,NA,NA,18.94865525672372,NA
02554,Nantucket County,MA,36.25730994152047,45.85635359116022,39.36430317848411,NA
02601,Barnstable County,MA,NA,NA,NA,28.78787878787879
02719,Bristol County,MA,NA,NA,NA,84.46969696969697
02720,Bristol County,MA,4.093567251461988,NA,NA,NA
02721,Bristol County,MA,NA,10.773480662983426,5.990220048899755,NA
02723,Bristol County,MA,NA,NA,38.386308068459655,NA
02724,Bristol County,MA,NA,NA,44.00977995110024,NA
02740,Bristol County,MA,NA,NA,NA,0.3787878787878788
02745,Bristol County,MA,NA,NA,51.22249388753056,NA
02766,Bristol County,MA,NA,NA,24.816625916870414,NA
02780,Bristol County,MA,NA,NA,NA,2.6515151515151514
48026,Macomb County,MI,NA,NA,42.54278728606357,NA
48066,Macomb County,MI,NA,19.337016574585636,NA,NA
48088,Macomb County,MI,56.33528265107213,NA,NA,NA
48089,Macomb County,MI,NA,NA,NA,31.439393939393938
48103,Washtenaw County,MI,NA,27.624309392265197,NA,2.272727272727273
48117,Monroe County,MI,NA,NA,60.757946210268955,NA
48146,Wayne County,MI,6.82261208576998,NA,10.757946210268948,NA
48176,Washtenaw County,MI,30.214424951267056,NA,NA,NA
48184,Wayne County,MI,NA,NA,22.371638141809292,NA
48185,Wayne County,MI,7.797270955165692,NA,NA,NA
48187,Wayne County,MI,13.060428849902534,NA,NA,NA
48197,Washtenaw County,MI,NA,NA,NA,3.787878787878788
48198,Washtenaw County,MI,NA,NA,3.1784841075794623,NA
48201,Wayne County,MI,NA,NA,45.47677261613692,NA
48203,Wayne County,MI,NA,NA,21.271393643031786,NA
48206,Wayne County,MI,NA,NA,33.496332518337404,NA
48207,Wayne County,MI,NA,NA,26.161369193154034,NA
48212,Wayne County,MI,22.027290448343077,NA,NA,NA
48214,Wayne County,MI,NA,58.83977900552486,NA,NA
48219,Wayne County,MI,NA,NA,30.195599022004888,NA
48221,Wayne County,MI,NA,NA,30.684596577017114,NA
48228,Wayne County,MI,NA,NA,15.52567237163814,NA
48238,Wayne County,MI,NA,27.900552486187845,NA,NA
48309,Oakland County,MI,60.03898635477582,NA,NA,NA
48324,Oakland County,MI,NA,NA,NA,63.25757575757576
48340,Oakland County,MI,NA,NA,14.425427872860636,NA
48342,Oakland County,MI,15.39961013645224,NA,NA,NA
48375,Oakland County,MI,76.99805068226121,NA,NA,NA
48377,Oakland County,MI,84.40545808966861,NA,NA,NA
48423,Genesee County,MI,NA,NA,37.530562347188265,NA
48442,Oakland County,MI,72.70955165692008,NA,NA,NA
48505,Genesee County,MI,NA,41.71270718232044,NA,NA
48507,Genesee County,MI,17.543859649122805,NA,NA,NA
48601,Saginaw County,MI,NA,NA,2.2004889975550124,NA
48602,Saginaw County,MI,NA,NA,5.134474327628362,NA
48604,Saginaw County,MI,78.94736842105263,NA,NA,NA
48618,Midland County,MI,88.88888888888889,NA,NA,NA
48642,Midland County,MI,29.82456140350877,NA,NA,NA
48706,Bay County,MI,NA,NA,9.657701711491443,NA
48726,Tuscola County,MI,NA,NA,89.119804400978,NA
48750,Iosco County,MI,79.53216374269006,NA,NA,NA
48831,Clinton County,MI,93.95711500974659,NA,NA,NA
48917,Eaton County,MI,NA,NA,12.224938875305623,NA
49010,Allegan County,MI,NA,NA,50.12224938875306,NA
49021,Eaton County,MI,90.05847953216374,NA,NA,NA
49058,Barry County,MI,NA,NA,36.43031784841076,NA
49068,Calhoun County,MI,72.51461988304094,NA,NA,NA
49093,St. Joseph County,MI,54.19103313840156,63.812154696132595,NA,NA
49112,Cass County,MI,NA,NA,90.83129584352079,NA
49201,Jackson County,MI,NA,NA,11.858190709046456,NA
49202,Jackson County,MI,NA,NA,38.75305623471883,NA
49221,Lenawee County,MI,NA,NA,5.745721271393643,NA
49242,Hillsdale County,MI,NA,NA,53.789731051344745,NA
49319,Kent County,MI,55.945419103313846,NA,NA,NA
49418,Kent County,MI,54.77582846003899,NA,NA,NA
49456,Ottawa County,MI,NA,94.1988950276243,NA,NA
49507,Kent County,MI,NA,6.353591160220995,NA,NA
49509,Kent County,MI,27.87524366471735,NA,NA,NA
49519,Kent County,MI,23.976608187134502,NA,NA,NA
49548,Kent County,MI,NA,NA,NA,56.81818181818182
49665,Osceola County,MI,97.46588693957115,NA,NA,NA
49677,Osceola County,MI,85.7699805068226,NA,NA,NA
49686,Grand Traverse County,MI,NA,NA,54.52322738386308,NA
49715,Chippewa County,MI,NA,NA,94.25427872860635,NA
49849,Marquette County,MI,NA,NA,54.278728606356964,NA
55102,Ramsey County,MN,NA,NA,83.86308068459658,NA
55123,Dakota County,MN,NA,NA,85.81907090464547,NA
55303,Anoka County,MN,10.526315789473683,NA,24.449877750611247,NA
55330,Sherburne County,MN,NA,NA,48.41075794621027,NA
55343,Hennepin County,MN,45.22417153996101,NA,NA,NA
55355,Meeker County,MN,NA,NA,NA,79.92424242424242
55372,Scott County,MN,NA,80.38674033149171,NA,NA
55404,Hennepin County,MN,NA,NA,1.2224938875305624,NA
55407,Hennepin County,MN,NA,NA,8.43520782396088,NA
55414,Hennepin County,MN,NA,80.93922651933701,NA,NA
55434,Anoka County,MN,NA,NA,72.12713936430319,NA
55720,Carlton County,MN,59.06432748538012,NA,NA,NA
55901,Olmsted County,MN,NA,NA,NA,33.71212121212121
55987,Winona County,MN,19.103313840155945,NA,NA,NA
56073,Brown County,MN,NA,67.95580110497238,28.973105134474324,NA
56143,Jackson County,MN,NA,NA,92.05378973105135,NA
56362,Stearns County,MN,NA,NA,NA,92.8030303030303
56557,Norman County,MN,NA,NA,88.01955990220048,NA
56560,Clay County,MN,49.122807017543856,NA,NA,NA
56633,Hubbard County,MN,NA,NA,NA,78.03030303030303
38606,Panola County,MS,NA,NA,75.42787286063569,NA
38829,Prentiss County,MS,NA,56.9060773480663,NA,NA
38863,Pontotoc County,MS,NA,NA,73.71638141809291,NA
39056,Hinds County,MS,NA,NA,73.10513447432763,NA
39074,Scott County,MS,21.24756335282651,NA,NA,NA
39111,Simpson County,MS,72.12475633528264,NA,NA,NA
39117,Scott County,MS,NA,NA,59.04645476772616,NA
39170,Hinds County,MS,80.50682261208577,NA,NA,NA
39204,Hinds County,MS,NA,23.756906077348066,NA,NA
39206,Hinds County,MS,18.128654970760234,NA,NA,NA
39209,Hinds County,MS,NA,18.23204419889503,NA,NA
39339,Winston County,MS,66.27680311890838,NA,NA,NA
39350,Neshoba County,MS,NA,NA,32.51833740831296,NA
39365,Neshoba County,MS,NA,NA,85.33007334963325,NA
39437,Jones County,MS,NA,NA,70.53789731051344,NA
39465,Forrest County,MS,73.09941520467837,NA,NA,NA
39482,Lamar County,MS,NA,NA,89.24205378973105,NA
39531,Harrison County,MS,51.267056530214425,NA,NA,NA
39564,Jackson County,MS,56.33528265107213,NA,NA,NA
39567,Jackson County,MS,NA,NA,87.53056234718827,NA
39577,Stone County,MS,88.30409356725146,NA,NA,NA
39601,Lincoln County,MS,NA,58.011049723756905,NA,NA
39773,Clay County,MS,75.04873294346979,NA,NA,NA
63010,Jefferson County,MO,NA,NA,NA,34.090909090909086
63017,St. Louis County,MO,NA,NA,72.98288508557457,NA
63021,St. Louis County,MO,NA,77.07182320441989,NA,NA
63028,Jefferson County,MO,NA,NA,NA,31.060606060606062
63031,St. Louis County,MO,24.951267056530213,NA,23.96088019559902,NA
63052,Jefferson County,MO,NA,NA,NA,64.77272727272727
63115,St. Louis city,MO,NA,29.005524861878452,NA,NA
63129,St. Louis County,MO,NA,NA,NA,10.606060606060606
63130,St. Louis County,MO,NA,NA,59.04645476772616,NA
63136,St. Louis County,MO,2.144249512670565,NA,NA,NA
63138,St. Louis County,MO,28.26510721247563,NA,NA,NA
63334,Pike County,MO,81.28654970760235,NA,NA,NA
63348,St. Charles County,MO,NA,NA,94.37652811735941,NA
63366,St. Charles County,MO,NA,NA,NA,7.575757575757576
63379,Lincoln County,MO,68.81091617933723,NA,NA,NA
63385,St. Charles County,MO,17.15399610136452,NA,NA,NA
63401,Marion County,MO,NA,NA,53.66748166259169,NA
63640,St. Francois County,MO,NA,NA,46.454767726161364,45.83333333333333
63801,Scott County,MO,NA,NA,NA,34.46969696969697
63841,Stoddard County,MO,NA,NA,57.457212713936435,NA
64024,Clay County,MO,NA,65.74585635359117,NA,NA
64037,Lafayette County,MO,NA,89.77900552486187,NA,NA
64050,Jackson County,MO,64.91228070175438,NA,NA,NA
64052,Jackson County,MO,NA,NA,14.180929095354522,NA
64055,Jackson County,MO,13.450292397660817,NA,NA,NA
64056,Jackson County,MO,NA,NA,31.54034229828851,NA
64063,Jackson County,MO,NA,55.24861878453039,NA,NA
64068,Clay County,MO,1.1695906432748537,NA,NA,9.469696969696969
64098,Platte County,MO,97.46588693957115,NA,NA,NA
64109,Jackson County,MO,22.417153996101362,NA,NA,NA
64124,Jackson County,MO,NA,NA,79.5843520782396,NA
64129,Jackson County,MO,NA,65.74585635359117,NA,NA
64150,Platte County,MO,94.9317738791423,NA,NA,NA
64151,Platte County,MO,NA,NA,37.286063569682156,NA
64505,Buchanan County,MO,NA,NA,NA,31.818181818181817
64506,Buchanan County,MO,12.475633528265107,NA,NA,NA
64633,Carroll County,MO,77.19298245614034,NA,NA,NA
64804,Jasper County,MO,16.569200779727094,NA,NA,NA
64850,Newton County,MO,43.46978557504873,31.767955801104975,NA,NA
65013,Maries County,MO,NA,75.69060773480662,NA,NA
65018,Moniteau County,MO,39.1812865497076,NA,NA,NA
65202,Boone County,MO,NA,6.629834254143646,NA,NA
65340,Saline County,MO,28.654970760233915,NA,NA,NA
65536,Laclede County,MO,NA,NA,46.33251833740831,NA
65613,Polk County,MO,65.8869395711501,NA,NA,NA
65708,Barry County,MO,NA,NA,76.28361858190709,NA
65737,Stone County,MO,NA,NA,96.33251833740832,NA
65803,Greene County,MO,NA,14.088397790055248,14.058679706601469,NA
59602,Lewis and Clark County,MT,75.04873294346979,NA,NA,NA
59701,Silver Bow County,MT,65.10721247563353,NA,NA,NA
59901,Flathead County,MT,NA,NA,NA,4.545454545454546
68005,Sarpy County,NE,NA,NA,72.73838630806846,NA
68022,Douglas County,NE,67.05653021442495,NA,NA,NA
68108,Douglas County,NE,NA,55.52486187845304,NA,NA
68111,Douglas County,NE,NA,45.027624309392266,NA,NA
68116,Douglas County,NE,43.46978557504873,NA,NA,NA
68134,Douglas County,NE,49.902534113060426,NA,NA,NA
68164,Douglas County,NE,NA,91.4364640883978,NA,NA
68502,Lancaster County,NE,NA,NA,77.13936430317848,NA
69101,Lincoln County,NE,26.900584795321635,NA,NA,NA
89104,Clark County,NV,32.553606237816766,65.74585635359117,NA,NA
89113,Clark County,NV,NA,NA,NA,82.95454545454545
89115,Clark County,NV,36.25730994152047,NA,NA,NA
89119,Clark County,NV,NA,NA,27.750611246943762,NA
89123,Clark County,NV,NA,NA,59.04645476772616,NA
89129,Clark County,NV,NA,NA,54.400977995110026,NA
89147,Clark County,NV,NA,NA,47.43276283618582,NA
89149,Clark County,NV,NA,90.60773480662984,NA,NA
89169,Clark County,NV,86.74463937621833,NA,NA,NA
89408,Lyon County,NV,NA,90.33149171270718,NA,NA
89512,Washoe County,NV,59.25925925925925,NA,NA,NA
89703,Carson City,NV,NA,NA,NA,76.13636363636364
89801,Elko County,NV,NA,NA,88.87530562347187,NA
03038,Rockingham County,NH,NA,NA,18.45965770171149,NA
03042,Rockingham County,NH,NA,NA,84.96332518337408,NA
03049,Hillsborough County,NH,91.22807017543859,NA,NA,NA
03053,Rockingham County,NH,NA,NA,33.251833740831295,NA
03054,Hillsborough County,NH,NA,NA,38.2640586797066,NA
03062,Hillsborough County,NH,NA,NA,NA,12.878787878787879
03064,Hillsborough County,NH,NA,NA,34.84107579462103,NA
03102,Hillsborough County,NH,NA,NA,NA,59.09090909090909
03103,Hillsborough County,NH,2.53411306042885,NA,7.579462102689487,15.151515151515152
03303,Merrimack County,NH,34.1130604288499,NA,NA,NA
03818,Carroll County,NH,NA,95.30386740331491,NA,NA
03848,Rockingham County,NH,NA,NA,79.82885085574573,NA
03865,Rockingham County,NH,NA,NA,NA,77.27272727272727
07002,Hudson County,NJ,NA,NA,1.466992665036675,NA
07003,Essex County,NJ,NA,16.574585635359114,NA,NA
07008,Middlesex County,NJ,NA,NA,95.47677261613691,NA
07013,Passaic County,NJ,NA,NA,47.55501222493888,NA
07018,Essex County,NJ,NA,NA,7.823960880195599,NA
07026,Bergen County,NJ,38.20662768031189,NA,NA,NA
07032,Hudson County,NJ,33.72319688109162,NA,NA,NA
07055,Passaic County,NJ,29.434697855750485,3.314917127071823,NA,NA
07071,Bergen County,NJ,NA,64.64088397790056,NA,NA
07080,Middlesex County,NJ,NA,NA,65.15892420537898,NA
07095,Middlesex County,NJ,NA,NA,NA,70.83333333333334
07104,Essex County,NJ,NA,0.2762430939226519,NA,NA
07106,Essex County,NJ,NA,NA,6.723716381418093,NA
07107,Essex County,NJ,6.432748538011696,NA,1.3447432762836184,NA
07111,Essex County,NJ,14.035087719298245,NA,NA,NA
07112,Essex County,NJ,23.00194931773879,NA,NA,NA
07304,Hudson County,NJ,NA,2.4861878453038675,NA,NA
07307,Hudson County,NJ,NA,NA,NA,49.24242424242424
07416,Sussex County,NJ,95.71150097465888,NA,NA,NA
07417,Bergen County,NJ,NA,NA,NA,89.39393939393939
07501,Passaic County,NJ,NA,NA,2.078239608801956,NA
07503,Passaic County,NJ,NA,19.613259668508288,NA,NA
07508,Passaic County,NJ,NA,NA,34.71882640586797,NA
07513,Passaic County,NJ,NA,NA,67.97066014669927,NA
07522,Passaic County,NJ,NA,4.143646408839778,NA,NA
07621,Bergen County,NJ,NA,95.02762430939227,NA,NA
07657,Bergen County,NJ,NA,NA,81.17359413202934,NA
07663,Bergen County,NJ,NA,NA,68.58190709046454,NA
07735,Monmouth County,NJ,NA,18.784530386740332,NA,NA
07740,Monmouth County,NJ,NA,NA,55.256723716381416,NA
07747,Monmouth County,NJ,NA,NA,NA,48.86363636363637
07748,Monmouth County,NJ,NA,91.71270718232044,NA,NA
07751,Monmouth County,NJ,NA,NA,75.06112469437653,NA
07840,Warren County,NJ,NA,NA,NA,38.63636363636363
07931,Somerset County,NJ,NA,NA,99.26650366748166,NA
08005,Ocean County,NJ,NA,NA,24.938875305623473,NA
08012,Camden County,NJ,NA,20.165745856353592,NA,NA
08021,Camden County,NJ,77.77777777777779,NA,NA,NA
08031,Camden County,NJ,56.72514619883041,NA,NA,NA
08050,Ocean County,NJ,NA,31.215469613259668,NA,41.66666666666667
08052,Burlington County,NJ,NA,NA,33.74083129584352,NA
08053,Burlington County,NJ,NA,NA,30.929095354523227,NA
08079,Salem County,NJ,NA,NA,49.511002444987774,NA
08087,Ocean County,NJ,NA,NA,24.69437652811736,NA
08096,Gloucester County,NJ,NA,6.906077348066299,NA,NA
08102,Camden County,NJ,NA,NA,93.52078239608802,NA
08103,Camden County,NJ,NA,NA,29.095354523227385,NA
08105,Camden County,NJ,NA,NA,11.613691931540341,NA
08215,Atlantic County,NJ,NA,NA,NA,63.63636363636363
08330,Atlantic County,NJ,40.93567251461988,19.88950276243094,NA,NA
08332,Cumberland County,NJ,NA,NA,12.71393643031785,NA
08360,Cumberland County,NJ,7.017543859649122,NA,NA,NA
08505,Burlington County,NJ,NA,93.646408839779,NA,NA
08527,Ocean County,NJ,NA,NA,12.102689486552567,NA
08540,Mercer County,NJ,NA,95.30386740331491,NA,NA
08611,Mercer County,NJ,NA,NA,65.89242053789731,NA
08618,Mercer County,NJ,NA,NA,1.1002444987775062,10.984848484848484
08638,Mercer County,NJ,NA,NA,16.99266503667482,NA
08723,Ocean County,NJ,NA,NA,NA,28.030303030303028
08753,Ocean County,NJ,10.1364522417154,NA,NA,NA
08755,Ocean County,NJ,NA,NA,29.82885085574572,NA
08758,Ocean County,NJ,NA,NA,NA,76.89393939393939
08759,Ocean County,NJ,NA,NA,NA,1.893939393939394
08801,Hunterdon County,NJ,89.08382066276803,NA,NA,NA
08816,Middlesex County,NJ,NA,43.0939226519337,NA,NA
08857,Middlesex County,NJ,NA,NA,10.146699266503667,NA
08861,Middlesex County,NJ,4.8732943469785575,NA,NA,NA
08879,Middlesex County,NJ,NA,NA,39.119804400978,NA
08901,Middlesex County,NJ,NA,1.3812154696132597,NA,NA
87002,Valencia County,NM,NA,NA,56.723716381418086,NA
87110,Bernalillo County,NM,NA,NA,16.87041564792176,NA
87113,Bernalillo County,NM,NA,NA,84.84107579462102,NA
87123,Bernalillo County,NM,NA,NA,18.337408312958438,35.22727272727273
87301,McKinley County,NM,NA,NA,31.784841075794624,NA
87313,McKinley County,NM,NA,NA,84.22982885085575,NA
87420,San Juan County,NM,37.23196881091618,38.67403314917127,35.57457212713936,NA
87544,Los Alamos County,NM,NA,NA,71.27139364303179,NA
87566,Rio Arriba County,NM,NA,NA,95.96577017114915,NA
88007,Doa Ana County,NM,58.28460038986355,NA,NA,NA
88135,Curry County,NM,NA,NA,NA,99.62121212121212
88201,Chaves County,NM,NA,NA,40.95354523227384,NA
88242,Lea County,NM,NA,72.65193370165746,NA,NA
88310,Otero County,NM,NA,63.53591160220995,NA,6.4393939393939394
10001,New York County,NY,NA,NA,NA,8.712121212121213
10021,New York County,NY,NA,NA,79.95110024449878,NA
10024,New York County,NY,NA,NA,61.002444987775064,NA
10025,New York County,NY,NA,NA,7.946210268948656,NA
10027,New York County,NY,NA,9.392265193370166,NA,NA
10029,New York County,NY,NA,NA,0.4889975550122249,NA
10031,New York County,NY,NA,NA,NA,18.939393939393938
10032,New York County,NY,NA,NA,NA,9.848484848484848
10065,New York County,NY,NA,NA,89.48655256723717,NA
10309,Richmond County,NY,92.20272904483431,NA,NA,NA
10314,Richmond County,NY,11.695906432748536,NA,NA,6.0606060606060606
10451,Bronx County,NY,6.237816764132553,NA,NA,42.04545454545455
10452,Bronx County,NY,NA,4.41988950276243,0.7334963325183375,NA
10462,Bronx County,NY,NA,3.0386740331491713,NA,6.8181818181818175
10467,Bronx County,NY,0.7797270955165692,0,NA,0.7575757575757576
10468,Bronx County,NY,NA,0.5524861878453038,NA,NA
10475,Bronx County,NY,NA,NA,30.80684596577017,NA
10573,Westchester County,NY,NA,7.734806629834254,NA,NA
11001,Nassau County,NY,94.73684210526315,NA,NA,NA
11226,Kings County,NY,5.653021442495127,NA,NA,NA
11373,Queens County,NY,NA,4.972375690607735,NA,NA
11412,Queens County,NY,NA,NA,54.88997555012225,NA
11416,Queens County,NY,NA,NA,54.76772616136919,NA
11418,Queens County,NY,NA,14.64088397790055,NA,NA
11419,Queens County,NY,63.1578947368421,NA,NA,NA
11428,Queens County,NY,NA,NA,NA,78.78787878787878
11432,Queens County,NY,NA,NA,NA,11.742424242424242
11550,Nassau County,NY,NA,NA,16.014669926650367,NA
11552,Nassau County,NY,92.78752436647173,NA,NA,NA
11577,Nassau County,NY,NA,NA,NA,94.6969696969697
11692,Queens County,NY,NA,NA,93.27628361858191,NA
11701,Suffolk County,NY,NA,NA,76.77261613691931,NA
11768,Suffolk County,NY,NA,NA,91.68704156479217,NA
11771,Nassau County,NY,100,NA,NA,NA
11776,Suffolk County,NY,NA,NA,64.54767726161369,NA
11779,Suffolk County,NY,NA,NA,78.4841075794621,NA
11934,Suffolk County,NY,96.49122807017544,NA,NA,NA
11949,Suffolk County,NY,NA,78.72928176795581,NA,NA
11963,Suffolk County,NY,NA,NA,98.65525672371638,NA
12010,Montgomery County,NY,NA,7.18232044198895,NA,NA
12020,Saratoga County,NY,NA,51.38121546961326,NA,NA
12078,Fulton County,NY,NA,NA,6.112469437652812,NA
12202,Albany County,NY,NA,NA,32.76283618581907,NA
12303,Schenectady County,NY,NA,NA,NA,51.13636363636363
12304,Schenectady County,NY,57.50487329434698,37.84530386740331,NA,NA
12307,Schenectady County,NY,NA,NA,88.99755501222494,NA
12446,Ulster County,NY,NA,85.0828729281768,NA,NA
12508,Dutchess County,NY,NA,NA,NA,82.1969696969697
12534,Columbia County,NY,NA,NA,NA,23.863636363636363
12542,Ulster County,NY,NA,NA,99.02200488997555,NA
12550,Orange County,NY,NA,49.171270718232044,NA,NA
12571,Dutchess County,NY,NA,NA,NA,95.45454545454545
12822,Saratoga County,NY,NA,NA,NA,93.18181818181817
12839,Washington County,NY,NA,NA,33.374083129584356,NA
12992,Clinton County,NY,NA,96.40883977900553,NA,NA
13039,Onondaga County,NY,62.96296296296296,NA,NA,NA
13045,Cortland County,NY,NA,NA,5.50122249388753,NA
13066,Onondaga County,NY,69.5906432748538,NA,NA,NA
13110,Onondaga County,NY,NA,NA,97.55501222493888,NA
13126,Oswego County,NY,NA,58.28729281767956,5.256723716381418,NA
13140,Cayuga County,NY,NA,79.00552486187846,NA,NA
13143,Wayne County,NY,NA,NA,94.00977995110024,NA
13166,Cayuga County,NY,82.45614035087719,NA,NA,NA
13203,Onondaga County,NY,NA,NA,25.91687041564792,NA
13205,Onondaga County,NY,22.027290448343077,30.386740331491712,NA,NA
13215,Onondaga County,NY,87.91423001949317,NA,NA,NA
13440,Oneida County,NY,10.33138401559454,NA,NA,NA
13460,Chenango County,NY,NA,NA,56.234718826405874,NA
13480,Oneida County,NY,90.64327485380117,NA,NA,NA
13820,Otsego County,NY,18.71345029239766,NA,NA,NA
14052,Erie County,NY,NA,NA,64.18092909535453,NA
14063,Chautauqua County,NY,NA,NA,47.67726161369193,NA
14067,Niagara County,NY,83.4307992202729,NA,NA,NA
14075,Erie County,NY,NA,NA,11.491442542787286,NA
14086,Erie County,NY,44.834307992202724,NA,NA,NA
14120,Niagara County,NY,NA,70.99447513812154,NA,NA
14136,Chautauqua County,NY,NA,NA,89.73105134474328,NA
14150,Erie County,NY,20.2729044834308,NA,NA,NA
14215,Erie County,NY,9.551656920077972,NA,NA,NA
14224,Erie County,NY,NA,NA,7.45721271393643,NA
14424,Ontario County,NY,NA,NA,3.5452322738386304,NA
14502,Wayne County,NY,NA,NA,NA,58.71212121212122
14534,Monroe County,NY,3.508771929824561,NA,NA,NA
14559,Monroe County,NY,NA,NA,15.036674816625917,NA
14560,Livingston County,NY,99.02534113060429,NA,NA,NA
14569,Wyoming County,NY,NA,NA,74.08312958435208,NA
14580,Monroe County,NY,NA,NA,0.9779951100244498,NA
14605,Monroe County,NY,NA,19.060773480662984,11.98044009779951,NA
14607,Monroe County,NY,61.59844054580896,NA,NA,NA
14616,Monroe County,NY,NA,NA,4.156479217603912,NA
14618,Monroe County,NY,NA,NA,NA,16.666666666666664
14626,Monroe County,NY,NA,NA,3.9119804400977993,5.681818181818182
14801,Steuben County,NY,NA,NA,82.15158924205379,NA
14809,Steuben County,NY,NA,NA,NA,97.34848484848484
14813,Allegany County,NY,NA,NA,90.2200488997555,NA
14830,Steuben County,NY,24.561403508771928,NA,NA,NA
14840,Steuben County,NY,NA,NA,95.11002444987776,NA
14843,Steuben County,NY,24.951267056530213,NA,NA,NA
14867,Tompkins County,NY,NA,NA,92.66503667481662,NA
27012,Forsyth County,NC,NA,NA,36.063569682151595,NA
27030,Surry County,NC,NA,15.193370165745856,8.679706601466993,NA
27107,Forsyth County,NC,NA,NA,5.8679706601467,NA
27215,Alamance County,NC,NA,NA,13.447432762836186,NA
27253,Alamance County,NC,NA,NA,22.6161369193154,NA
27260,Guilford County,NC,NA,NA,NA,59.46969696969697
27265,Guilford County,NC,54.19103313840156,NA,NA,NA
27320,Rockingham County,NC,NA,NA,15.158924205378973,NA
27370,Randolph County,NC,NA,85.91160220994475,NA,NA
27539,Wake County,NC,64.71734892787524,NA,NA,NA
27540,Wake County,NC,NA,NA,52.32273838630807,NA
27546,Harnett County,NC,NA,NA,69.07090464547677,NA
27606,Wake County,NC,36.64717348927875,NA,NA,NA
27610,Wake County,NC,3.1189083820662766,NA,9.41320293398533,NA
27807,Nash County,NC,NA,NA,NA,95.83333333333334
27837,Pitt County,NC,NA,NA,91.19804400977995,NA
27893,Wilson County,NC,NA,NA,21.026894865525673,30.681818181818183
28016,Gaston County,NC,NA,NA,NA,66.66666666666666
28027,Cabarrus County,NC,45.808966861598435,NA,NA,10.227272727272728
28034,Gaston County,NC,NA,75.13812154696133,NA,NA
28043,Rutherford County,NC,NA,NA,NA,50
28078,Mecklenburg County,NC,53.216374269005854,NA,NA,NA
28103,Union County,NC,NA,NA,NA,81.43939393939394
28110,Union County,NC,NA,29.005524861878452,NA,NA
28112,Union County,NC,NA,91.16022099447514,52.68948655256723,NA
28115,Iredell County,NC,31.968810916179336,NA,NA,NA
28119,Anson County,NC,NA,NA,99.14425427872861,NA
28144,Rowan County,NC,NA,NA,75.18337408312958,NA
28152,Cleveland County,NC,NA,NA,43.27628361858191,NA
28160,Rutherford County,NC,NA,85.91160220994475,NA,NA
28173,Union County,NC,NA,NA,45.2322738386308,NA
28206,Mecklenburg County,NC,NA,NA,47.31051344743276,NA
28208,Mecklenburg County,NC,NA,13.535911602209943,NA,NA
28213,Mecklenburg County,NC,NA,NA,32.15158924205379,59.84848484848485
28303,Cumberland County,NC,NA,35.91160220994475,62.8361858190709,NA
28306,Bladen County,NC,NA,22.375690607734807,NA,NA
28314,Cumberland County,NC,NA,16.85082872928177,NA,NA
28318,Sampson County,NC,NA,93.37016574585635,NA,NA
28379,Richmond County,NC,32.35867446393762,NA,NA,NA
28387,Moore County,NC,NA,NA,92.1760391198044,NA
28403,New Hanover County,NC,NA,NA,45.965770171149146,NA
28405,New Hanover County,NC,NA,60.49723756906077,NA,NA
28451,Brunswick County,NC,NA,NA,34.59657701711492,NA
28470,Brunswick County,NC,NA,NA,94.62102689486552,NA
28562,Craven County,NC,NA,NA,46.0880195599022,NA
28601,Catawba County,NC,NA,33.42541436464088,NA,14.015151515151514
28607,Watauga County,NC,NA,NA,57.701711491442545,NA
28613,Catawba County,NC,NA,NA,46.9437652811736,NA
28645,Caldwell County,NC,NA,NA,5.378973105134474,NA
28719,Jackson County,NC,NA,NA,52.567237163814184,NA
28732,Henderson County,NC,62.1832358674464,NA,NA,NA
28748,Buncombe County,NC,NA,NA,NA,86.74242424242425
28786,Haywood County,NC,NA,NA,41.56479217603912,NA
28803,Buncombe County,NC,NA,NA,NA,40.909090909090914
58504,Burleigh County,ND,NA,NA,61.002444987775064,NA
43008,Licking County,OH,NA,99.17127071823204,NA,NA
43016,Franklin County,OH,NA,NA,69.19315403422983,NA
43026,Franklin County,OH,NA,18.50828729281768,NA,NA
43065,Delaware County,OH,NA,NA,53.17848410757946,NA
43068,Franklin County,OH,0.1949317738791423,NA,13.202933985330073,NA
43113,Pickaway County,OH,NA,NA,19.80440097799511,NA
43130,Fairfield County,OH,NA,NA,1.8337408312958436,NA
43138,Hocking County,OH,NA,16.85082872928177,NA,NA
43204,Franklin County,OH,NA,NA,NA,18.181818181818183
43206,Franklin County,OH,NA,NA,17.359413202933986,NA
43207,Franklin County,OH,NA,0.8287292817679558,NA,NA
43211,Franklin County,OH,NA,NA,14.792176039119804,NA
43228,Franklin County,OH,NA,NA,4.767726161369193,NA
43232,Franklin County,OH,0.5847953216374269,NA,NA,NA
43302,Marion County,OH,5.263157894736842,NA,2.567237163814181,NA
43311,Logan County,OH,NA,NA,NA,46.21212121212121
43402,Wood County,OH,NA,NA,NA,18.560606060606062
43431,Sandusky County,OH,NA,NA,90.70904645476773,NA
43560,Lucas County,OH,NA,NA,31.05134474327628,NA
43606,Lucas County,OH,NA,NA,22.860635696821515,39.39393939393939
43607,Lucas County,OH,NA,NA,NA,24.62121212121212
43611,Lucas County,OH,NA,NA,20.293398533007334,NA
43701,Muskingum County,OH,NA,NA,0.8557457212713936,NA
43793,Monroe County,OH,NA,NA,89.85330073349633,NA
43821,Muskingum County,OH,71.9298245614035,NA,NA,NA
43920,Columbiana County,OH,10.916179337231968,NA,12.591687041564793,NA
43953,Jefferson County,OH,NA,NA,73.71638141809291,NA
43968,Columbiana County,OH,74.07407407407408,NA,NA,NA
44035,Lorain County,OH,NA,NA,0,NA
44053,Lorain County,OH,NA,NA,9.902200488997554,NA
44077,Lake County,OH,NA,NA,4.645476772616137,NA
44092,Lake County,OH,68.42105263157895,NA,NA,NA
44094,Lake County,OH,NA,NA,84.47432762836186,NA
44095,Lake County,OH,8.57699805068226,NA,27.139364303178482,14.772727272727273
44103,Cuyahoga County,OH,NA,42.81767955801105,NA,NA
44105,Cuyahoga County,OH,NA,NA,0.6112469437652812,NA
44109,Cuyahoga County,OH,NA,NA,0.36674816625916873,NA
44111,Cuyahoga County,OH,NA,NA,1.5892420537897312,NA
44113,Cuyahoga County,OH,35.67251461988304,NA,57.57946210268948,NA
44118,Cuyahoga County,OH,NA,26.243093922651934,NA,NA
44120,Cuyahoga County,OH,NA,NA,4.278728606356968,NA
44129,Cuyahoga County,OH,NA,NA,51.46699266503667,NA
44130,Cuyahoga County,OH,NA,NA,6.356968215158925,NA
44132,Cuyahoga County,OH,NA,NA,NA,57.57575757575758
44133,Cuyahoga County,OH,NA,NA,32.76283618581907,NA
44142,Cuyahoga County,OH,NA,NA,NA,21.59090909090909
44143,Cuyahoga County,OH,NA,51.93370165745856,NA,NA
44146,Cuyahoga County,OH,NA,NA,33.98533007334964,NA
44147,Cuyahoga County,OH,51.85185185185185,NA,NA,NA
44212,Medina County,OH,NA,NA,NA,1.5151515151515151
44236,Summit County,OH,54.77582846003899,NA,NA,NA
44266,Portage County,OH,NA,10.220994475138122,NA,NA
44272,Portage County,OH,92.39766081871345,NA,NA,NA
44312,Summit County,OH,NA,NA,20.537897310513447,NA
44321,Summit County,OH,73.48927875243665,NA,NA,NA
44405,Mahoning County,OH,NA,64.64088397790056,NA,NA
44413,Columbiana County,OH,70.76023391812866,NA,NA,NA
44425,Trumbull County,OH,NA,NA,NA,32.57575757575758
44436,Mahoning County,OH,98.44054580896686,NA,NA,NA
44460,Columbiana County,OH,12.280701754385964,NA,NA,NA
44471,Mahoning County,OH,NA,NA,62.10268948655256,NA
44484,Trumbull County,OH,NA,NA,NA,17.045454545454543
44515,Mahoning County,OH,21.832358674463936,NA,NA,NA
44621,Tuscarawas County,OH,NA,NA,90.4645476772616,NA
44683,Tuscarawas County,OH,NA,28.7292817679558,NA,NA
44714,Stark County,OH,NA,71.54696132596685,NA,NA
44827,Crawford County,OH,68.61598440545808,NA,NA,NA
44833,Crawford County,OH,NA,NA,37.775061124694375,NA
44839,Erie County,OH,NA,82.59668508287292,NA,NA
44870,Erie County,OH,1.7543859649122806,NA,NA,NA
44905,Richland County,OH,NA,65.4696132596685,NA,NA
44907,Richland County,OH,NA,NA,NA,38.25757575757576
45011,Butler County,OH,0.9746588693957114,3.591160220994475,3.056234718826406,NA
45013,Butler County,OH,NA,NA,4.52322738386308,NA
45015,Butler County,OH,51.07212475633528,NA,NA,NA
45042,Butler County,OH,NA,NA,26.772616136919314,NA
45044,Butler County,OH,1.949317738791423,NA,NA,NA
45103,Clermont County,OH,27.87524366471735,NA,NA,NA
45121,Brown County,OH,NA,83.97790055248619,NA,NA
45140,Clermont County,OH,NA,NA,29.95110024449878,NA
45150,Clermont County,OH,NA,NA,42.665036674816626,NA
45176,Clermont County,OH,NA,NA,73.96088019559902,NA
45227,Hamilton County,OH,80.11695906432749,NA,NA,NA
45231,Hamilton County,OH,NA,NA,10.024449877750612,NA
45241,Hamilton County,OH,NA,NA,NA,47.34848484848485
45248,Hamilton County,OH,NA,50.27624309392266,61.980440097799516,NA
45249,Hamilton County,OH,NA,NA,91.80929095354523,NA
45320,Preble County,OH,NA,NA,NA,46.590909090909086
45342,Montgomery County,OH,NA,NA,44.62102689486552,NA
45344,Clark County,OH,NA,NA,65.77017114914425,NA
45356,Miami County,OH,3.898635477582846,NA,NA,NA
45381,Preble County,OH,NA,NA,92.29828850855746,NA
45385,Greene County,OH,9.161793372319687,21.823204419889503,16.381418092909534,NA
45402,Montgomery County,OH,NA,NA,62.71393643031785,NA
45414,Montgomery County,OH,NA,NA,35.2078239608802,NA
45417,Montgomery County,OH,NA,NA,11.36919315403423,NA
45424,Montgomery County,OH,NA,NA,14.91442542787286,NA
45426,Montgomery County,OH,39.37621832358674,NA,NA,NA
45459,Montgomery County,OH,NA,NA,NA,26.89393939393939
45503,Clark County,OH,43.46978557504873,NA,NA,NA
45601,Ross County,OH,1.364522417153996,NA,NA,NA
45613,Pike County,OH,81.48148148148148,NA,NA,NA
45631,Gallia County,OH,13.255360623781677,NA,14.547677261613693,NA
45648,Scioto County,OH,NA,45.85635359116022,NA,NA
45656,Jackson County,OH,NA,NA,69.68215158924205,70.07575757575758
45663,Scioto County,OH,NA,NA,55.8679706601467,NA
45669,Lawrence County,OH,35.67251461988304,NA,NA,NA
45693,Adams County,OH,NA,40.607734806629836,NA,NA
45714,Washington County,OH,NA,NA,24.327628361858192,NA
45723,Athens County,OH,NA,90.60773480662984,NA,NA
45895,Auglaize County,OH,NA,NA,NA,41.28787878787879
73018,Grady County,OK,52.436647173489284,NA,NA,NA
73036,Canadian County,OK,NA,NA,47.18826405867971,NA
73044,Logan County,OK,NA,NA,58.19070904645477,NA
73049,Oklahoma County,OK,NA,NA,93.8875305623472,NA
73068,Cleveland County,OK,75.6335282651072,NA,NA,NA
73071,Cleveland County,OK,NA,NA,29.706601466992666,NA
73099,Canadian County,OK,NA,NA,19.315403422982886,NA
73111,Oklahoma County,OK,NA,NA,NA,67.8030303030303
73130,Oklahoma County,OK,NA,NA,69.43765281173594,NA
73132,Oklahoma County,OK,NA,57.182320441988956,NA,NA
73160,Cleveland County,OK,NA,NA,17.6039119804401,NA
73162,Oklahoma County,OK,67.2514619883041,NA,NA,NA
73401,Carter County,OK,NA,NA,19.559902200489,NA
73446,Marshall County,OK,85.38011695906432,NA,NA,NA
73505,Comanche County,OK,NA,37.01657458563536,NA,NA
73701,Garfield County,OK,60.81871345029239,NA,NA,NA
74011,Tulsa County,OK,NA,NA,NA,54.92424242424242
74039,Creek County,OK,99.80506822612085,NA,NA,NA
74107,Tulsa County,OK,67.44639376218323,NA,NA,NA
74129,Tulsa County,OK,NA,NA,62.95843520782396,NA
74447,Okmulgee County,OK,70.9551656920078,NA,NA,NA
74464,Cherokee County,OK,27.680311890838205,NA,NA,NA
74601,Kay County,OK,NA,NA,50.12224938875306,NA
74820,Pontotoc County,OK,NA,NA,10.268948655256724,NA
74868,Seminole County,OK,57.89473684210527,NA,NA,NA
74881,Lincoln County,OK,NA,NA,NA,99.24242424242425
74955,Sequoyah County,OK,NA,49.447513812154696,NA,NA
74960,Adair County,OK,NA,22.65193370165746,NA,NA
97005,Washington County,OR,NA,NA,54.034229828850854,NA
97015,Clackamas County,OR,82.26120857699804,NA,NA,NA
97016,Columbia County,OR,NA,NA,NA,92.42424242424242
97035,Clackamas County,OR,NA,NA,78.11735941320293,NA
97051,Columbia County,OR,NA,NA,69.8044009779951,NA
97080,Multnomah County,OR,NA,NA,66.38141809290954,NA
97114,Yamhill County,OR,94.34697855750487,NA,NA,NA
97124,Washington County,OR,NA,47.23756906077348,NA,NA
97266,Multnomah County,OR,NA,74.58563535911603,NA,NA
97301,Marion County,OR,NA,NA,18.09290953545232,NA
97303,Marion County,OR,NA,NA,NA,56.439393939393945
97304,Polk County,OR,NA,NA,65.40342298288509,NA
97317,Marion County,OR,NA,NA,78.97310513447434,NA
97338,Polk County,OR,NA,NA,82.51833740831296,NA
97355,Linn County,OR,NA,NA,16.25916870415648,NA
97374,Linn County,OR,98.635477582846,NA,NA,NA
97402,Lane County,OR,NA,NA,NA,35.984848484848484
97420,Coos County,OR,NA,83.97790055248619,NA,78.78787878787878
97459,Coos County,OR,91.42300194931774,NA,86.91931540342298,NA
97470,Douglas County,OR,41.91033138401559,NA,NA,NA
97504,Jackson County,OR,NA,NA,NA,17.803030303030305
97739,Deschutes County,OR,83.23586744639377,NA,NA,NA
97756,Deschutes County,OR,55.945419103313846,NA,NA,NA
97818,Morrow County,OR,NA,95.30386740331491,NA,NA
15084,Allegheny County,PA,NA,84.5303867403315,NA,NA
15085,Westmoreland County,PA,NA,NA,NA,80.68181818181817
15120,Allegheny County,PA,NA,NA,88.14180929095355,NA
15139,Allegheny County,PA,98.83040935672514,NA,NA,NA
15145,Allegheny County,PA,NA,92.26519337016575,NA,NA
15202,Allegheny County,PA,NA,NA,58.43520782396088,NA
15204,Allegheny County,PA,NA,NA,74.32762836185819,NA
15210,Allegheny County,PA,NA,NA,21.026894865525673,NA
15226,Allegheny County,PA,79.72709551656921,NA,NA,NA
15243,Allegheny County,PA,NA,NA,89.60880195599023,NA
15320,Greene County,PA,NA,NA,79.21760391198043,NA
15425,Fayette County,PA,NA,NA,72.6161369193154,29.545454545454547
15478,Fayette County,PA,NA,NA,77.3838630806846,NA
15501,Somerset County,PA,71.53996101364523,NA,NA,NA
15632,Westmoreland County,PA,NA,98.61878453038673,NA,NA
15666,Westmoreland County,PA,NA,NA,57.8239608801956,NA
15714,Cambria County,PA,NA,NA,85.08557457212714,NA
15906,Cambria County,PA,NA,NA,64.30317848410758,NA
16001,Butler County,PA,NA,61.04972375690608,NA,NA
16157,Lawrence County,PA,NA,NA,97.79951100244499,NA
16201,Armstrong County,PA,NA,NA,NA,15.530303030303031
16354,Crawford County,PA,74.46393762183236,69.33701657458563,NA,NA
16503,Erie County,PA,NA,NA,41.80929095354523,NA
16652,Huntingdon County,PA,NA,NA,45.843520782396084,NA
16673,Blair County,PA,NA,97.23756906077348,NA,NA
16686,Blair County,PA,NA,NA,66.62591687041565,NA
16701,McKean County,PA,NA,NA,23.71638141809291,NA
16823,Centre County,PA,NA,67.40331491712708,NA,NA
16866,Centre County,PA,NA,NA,71.88264058679707,NA
16870,Centre County,PA,NA,NA,89.97555012224939,NA
17011,Cumberland County,PA,68.81091617933723,NA,NA,NA
17042,Lebanon County,PA,NA,NA,NA,8.333333333333332
17044,Mifflin County,PA,NA,53.86740331491713,NA,10.984848484848484
17055,Cumberland County,PA,NA,NA,NA,19.318181818181817
17057,Dauphin County,PA,NA,NA,NA,19.696969696969695
17070,Cumberland County,PA,67.44639376218323,NA,NA,NA
17109,Dauphin County,PA,30.60428849902534,NA,NA,NA
17201,Franklin County,PA,NA,NA,14.66992665036675,NA
17345,York County,PA,63.35282651072125,NA,NA,NA
17403,York County,PA,NA,NA,3.7897310513447433,NA
17603,Lancaster County,PA,NA,10.497237569060774,NA,13.636363636363635
17702,Lycoming County,PA,NA,NA,81.90709046454768,NA
17851,Northumberland County,PA,53.80116959064327,NA,NA,NA
17872,Northumberland County,PA,46.783625730994146,NA,46.82151589242054,NA
17972,Schuylkill County,PA,NA,NA,71.39364303178483,NA
18020,Northampton County,PA,NA,NA,49.266503667481665,NA
18034,Lehigh County,PA,NA,NA,87.65281173594131,NA
18042,Northampton County,PA,8.771929824561402,NA,31.173594132029343,NA
18071,Carbon County,PA,61.01364522417154,NA,NA,NA
18073,Montgomery County,PA,NA,83.42541436464089,NA,NA
18103,Lehigh County,PA,NA,NA,7.334963325183375,NA
18201,Luzerne County,PA,NA,NA,58.06845965770171,NA
18202,Luzerne County,PA,NA,NA,53.54523227383863,NA
18232,Carbon County,PA,NA,NA,95.2322738386308,NA
18301,Monroe County,PA,NA,NA,41.442542787286065,NA
18434,Lackawanna County,PA,94.9317738791423,NA,NA,NA
18444,Lackawanna County,PA,NA,NA,66.87041564792176,NA
18603,Columbia County,PA,NA,NA,19.926650366748166,NA
18610,Monroe County,PA,NA,NA,85.69682151589242,NA
18612,Luzerne County,PA,NA,NA,64.30317848410758,NA
18640,Luzerne County,PA,NA,NA,49.1442542787286,NA
18657,Wyoming County,PA,NA,89.77900552486187,72.73838630806846,NA
18704,Luzerne County,PA,NA,34.25414364640884,NA,NA
18951,Bucks County,PA,13.64522417153996,NA,NA,NA
18966,Bucks County,PA,NA,NA,23.10513447432763,NA
19013,Delaware County,PA,NA,NA,4.88997555012225,NA
19018,Delaware County,PA,NA,70.44198895027624,NA,NA
19020,Bucks County,PA,NA,NA,10.39119804400978,NA
19061,Delaware County,PA,NA,54.69613259668509,NA,NA
19064,Delaware County,PA,44.2495126705653,NA,NA,NA
19073,Delaware County,PA,63.35282651072125,NA,NA,NA
19086,Delaware County,PA,71.34502923976608,NA,NA,NA
19104,Philadelphia County,PA,NA,NA,44.37652811735941,NA
19114,Philadelphia County,PA,NA,NA,57.334963325183374,NA
19120,Philadelphia County,PA,NA,NA,4.034229828850855,NA
19124,Philadelphia County,PA,NA,5.524861878453039,NA,NA
19128,Philadelphia County,PA,NA,NA,57.090464547677264,NA
19131,Philadelphia County,PA,NA,NA,32.396088019559905,NA
19132,Philadelphia County,PA,NA,NA,7.701711491442542,NA
19133,Philadelphia County,PA,NA,NA,NA,42.803030303030305
19134,Philadelphia County,PA,NA,11.878453038674033,23.838630806845966,NA
19139,Philadelphia County,PA,NA,NA,5.623471882640587,NA
19140,Philadelphia County,PA,NA,NA,2.93398533007335,NA
19142,Philadelphia County,PA,NA,25.13812154696133,NA,NA
19143,Philadelphia County,PA,NA,8.83977900552486,NA,NA
19144,Philadelphia County,PA,NA,NA,29.3398533007335,NA
19148,Philadelphia County,PA,14.619883040935672,30.939226519337016,NA,NA
19150,Philadelphia County,PA,NA,69.88950276243095,37.89731051344744,NA
19151,Philadelphia County,PA,NA,43.0939226519337,71.5158924205379,NA
19152,Philadelphia County,PA,NA,43.0939226519337,NA,NA
19382,Chester County,PA,NA,83.42541436464089,NA,NA
19460,Chester County,PA,NA,82.04419889502762,NA,NA
19464,Montgomery County,PA,15.594541910331383,NA,7.090464547677261,NA
02857,Providence County,RI,NA,NA,88.75305623471883,NA
02860,Providence County,RI,31.384015594541907,NA,NA,NA
02906,Providence County,RI,NA,NA,62.59168704156479,NA
02914,Providence County,RI,NA,NA,51.1002444987775,NA
29003,Bamberg County,SC,NA,NA,94.86552567237165,NA
29006,Lexington County,SC,NA,87.84530386740332,NA,NA
29073,Lexington County,SC,45.614035087719294,60.773480662983424,28.850855745721272,NA
29108,Newberry County,SC,NA,NA,64.91442542787286,NA
29204,Richland County,SC,NA,NA,76.89486552567237,NA
29210,Richland County,SC,NA,NA,NA,60.22727272727273
29316,Spartanburg County,SC,NA,NA,NA,40.53030303030303
29340,Cherokee County,SC,48.148148148148145,NA,NA,NA
29405,Charleston County,SC,44.834307992202724,NA,68.94865525672371,NA
29445,Berkeley County,SC,12.670565302144249,NA,NA,NA
29456,Dorchester County,SC,34.1130604288499,NA,NA,NA
29483,Dorchester County,SC,NA,34.530386740331494,23.34963325183374,NA
29485,Dorchester County,SC,8.187134502923977,NA,NA,NA
29501,Florence County,SC,NA,NA,37.163814180929094,NA
29506,Florence County,SC,NA,NA,52.07823960880196,NA
29512,Marlboro County,SC,NA,66.57458563535911,NA,NA
29579,Horry County,SC,NA,73.75690607734806,61.61369193154034,NA
29588,Horry County,SC,NA,32.59668508287293,76.40586797066014,NA
29609,Greenville County,SC,NA,74.03314917127072,NA,NA
29617,Greenville County,SC,22.612085769980506,NA,NA,NA
29621,Anderson County,SC,NA,22.099447513812155,NA,NA
29624,Anderson County,SC,72.31968810916179,NA,NA,NA
29625,Anderson County,SC,NA,NA,38.50855745721272,NA
29646,Greenwood County,SC,NA,NA,80.80684596577017,NA
29841,Aiken County,SC,NA,40.607734806629836,NA,NA
29909,Beaufort County,SC,NA,NA,98.0440097799511,NA
57005,Minnehaha County,SD,70.17543859649122,NA,NA,NA
57201,Codington County,SD,NA,76.24309392265194,NA,NA
57701,Pennington County,SD,NA,NA,25.794621026894866,NA
57702,Pennington County,SD,NA,NA,66.99266503667481,NA
57703,Pennington County,SD,80.7017543859649,NA,NA,NA
37013,Davidson County,TN,2.923976608187134,NA,NA,NA
37015,Cheatham County,TN,NA,NA,68.82640586797066,NA
37040,Montgomery County,TN,NA,53.31491712707182,30.56234718826406,NA
37064,Williamson County,TN,20.077972709551656,NA,NA,NA
37066,Sumner County,TN,NA,NA,13.569682151589241,NA
37075,Sumner County,TN,42.30019493177387,NA,NA,NA
37087,Wilson County,TN,NA,NA,55.012224938875306,NA
37091,Marshall County,TN,NA,44.47513812154696,NA,NA
37128,Rutherford County,TN,NA,76.79558011049724,NA,NA
37160,Bedford County,TN,17.93372319688109,NA,NA,NA
37167,Rutherford County,TN,14.230019493177387,NA,NA,NA
37172,Robertson County,TN,NA,NA,21.882640586797066,NA
37183,Bedford County,TN,99.61013645224172,NA,NA,NA
37185,Humphreys County,TN,NA,NA,NA,95.07575757575758
37186,Sumner County,TN,NA,89.22651933701657,NA,NA
37209,Davidson County,TN,NA,57.182320441988956,37.40831295843521,NA
37210,Davidson County,TN,NA,NA,66.74816625916871,NA
37217,Davidson County,TN,37.8167641325536,NA,NA,NA
37311,Bradley County,TN,NA,NA,NA,44.696969696969695
37317,Polk County,TN,NA,NA,NA,100
37327,Sequatchie County,TN,NA,NA,48.16625916870416,NA
37334,Lincoln County,TN,60.23391812865497,NA,NA,NA
37385,Monroe County,TN,81.67641325536063,NA,NA,NA
37388,Coffee County,TN,65.10721247563353,NA,NA,NA
37640,Johnson County,TN,NA,98.34254143646409,NA,NA
37641,Greene County,TN,NA,NA,77.99511002444987,NA
37642,Hawkins County,TN,NA,NA,55.501222493887525,NA
37643,Carter County,TN,NA,NA,NA,12.5
37664,Sullivan County,TN,NA,NA,27.628361858190708,NA
37711,Hawkins County,TN,95.71150097465888,NA,NA,NA
37743,Greene County,TN,NA,NA,17.6039119804401,NA
37760,Jefferson County,TN,NA,76.24309392265194,NA,NA
37763,Roane County,TN,82.45614035087719,NA,NA,NA
37801,Blount County,TN,59.64912280701754,39.226519337016576,NA,NA
37807,Union County,TN,NA,NA,77.50611246943765,NA
37821,Cocke County,TN,NA,NA,21.39364303178484,NA
37840,Roane County,TN,NA,NA,NA,61.74242424242424
37854,Roane County,TN,NA,71.54696132596685,NA,NA
37857,Hawkins County,TN,NA,NA,39.97555012224939,NA
37861,Grainger County,TN,76.60818713450293,NA,NA,NA
37871,Jefferson County,TN,NA,89.22651933701657,NA,NA
37879,Claiborne County,TN,NA,NA,59.41320293398533,NA
37914,Knox County,TN,NA,NA,42.909535452322736,NA
37921,Knox County,TN,16.764132553606238,NA,NA,NA
37931,Knox County,TN,NA,NA,48.53300733496332,NA
38017,Shelby County,TN,48.148148148148145,NA,NA,NA
38068,Fayette County,TN,NA,NA,86.79706601466992,NA
38104,Shelby County,TN,78.16764132553607,NA,NA,NA
38109,Shelby County,TN,5.0682261208577,9.94475138121547,NA,NA
38112,Shelby County,TN,NA,58.83977900552486,NA,NA
38127,Shelby County,TN,3.7037037037037033,7.458563535911603,12.469437652811736,NA
38128,Shelby County,TN,NA,NA,NA,45.07575757575758
38138,Shelby County,TN,NA,85.0828729281768,NA,NA
38401,Maury County,TN,NA,NA,9.168704156479219,NA
38464,Lawrence County,TN,NA,NA,37.65281173594132,NA
38469,Lawrence County,TN,97.85575048732943,NA,NA,NA
38472,Giles County,TN,NA,NA,99.87775061124694,NA
38556,Fentress County,TN,64.32748538011695,NA,NA,NA
38571,Cumberland County,TN,NA,NA,62.224938875305625,NA
38583,White County,TN,NA,NA,31.41809290953545,NA
75006,Dallas County,TX,38.20662768031189,NA,NA,NA
75019,Dallas County,TX,NA,NA,90.95354523227384,NA
75020,Grayson County,TX,NA,13.259668508287293,NA,NA
75034,Denton County,TX,28.460038986354775,NA,NA,NA
75035,Collin County,TX,NA,NA,44.49877750611247,NA
75041,Dallas County,TX,55.165692007797276,NA,NA,NA
75052,Dallas County,TX,49.707602339181285,12.70718232044199,NA,NA
75069,Collin County,TX,30.214424951267056,NA,NA,NA
75071,Collin County,TX,23.391812865497073,NA,NA,NA
75080,Dallas County,TX,45.22417153996101,NA,NA,NA
75087,Rockwall County,TX,42.69005847953216,NA,NA,NA
75093,Collin County,TX,29.239766081871345,NA,NA,NA
75104,Dallas County,TX,NA,NA,NA,36.36363636363637
75109,Navarro County,TX,NA,NA,98.77750611246944,NA
75134,Dallas County,TX,74.85380116959064,NA,NA,NA
75149,Dallas County,TX,4.678362573099415,NA,NA,NA
75165,Ellis County,TX,NA,NA,69.31540342298288,NA
75180,Dallas County,TX,NA,NA,NA,74.62121212121212
75189,Rockwall County,TX,NA,NA,51.955990220048896,NA
75211,Dallas County,TX,NA,NA,25.305623471882637,28.40909090909091
75212,Dallas County,TX,NA,23.480662983425415,NA,NA
75216,Dallas County,TX,7.602339181286549,NA,NA,NA
75217,Dallas County,TX,5.458089668615984,NA,NA,NA
75227,Dallas County,TX,NA,NA,25.55012224938875,NA
75229,Dallas County,TX,NA,NA,50.488997555012226,NA
75234,Dallas County,TX,NA,51.657458563535904,NA,NA
75237,Dallas County,TX,NA,NA,50.97799511002445,NA
75238,Dallas County,TX,47.758284600389864,NA,74.57212713936431,NA
75287,Denton County,TX,61.98830409356725,NA,46.69926650366748,NA
75551,Cass County,TX,NA,87.84530386740332,NA,NA
75604,Gregg County,TX,22.807017543859647,NA,46.577017114914426,NA
75605,Gregg County,TX,NA,62.430939226519335,NA,NA
75631,Panola County,TX,95.32163742690058,NA,NA,NA
75654,Rusk County,TX,NA,NA,NA,73.86363636363636
75684,Rusk County,TX,NA,77.07182320441989,NA,NA
75701,Smith County,TX,NA,NA,41.687041564792175,NA
75702,Smith County,TX,NA,NA,43.64303178484107,NA
75703,Smith County,TX,20.46783625730994,NA,NA,NA
75766,Cherokee County,TX,NA,NA,41.32029339853301,NA
75803,Anderson County,TX,NA,NA,NA,57.95454545454546
75901,Angelina County,TX,NA,67.12707182320442,NA,NA
75904,Angelina County,TX,NA,NA,40.09779951100245,NA
75951,Jasper County,TX,NA,NA,NA,54.166666666666664
76031,Johnson County,TX,38.98635477582846,NA,NA,NA
76036,Tarrant County,TX,NA,NA,67.23716381418093,NA
76058,Johnson County,TX,NA,NA,63.56968215158925,NA
76088,Parker County,TX,NA,NA,85.20782396088019,NA
76104,Tarrant County,TX,35.28265107212476,NA,28.606356968215156,NA
76105,Tarrant County,TX,NA,NA,26.5281173594132,NA
76110,Tarrant County,TX,NA,NA,49.38875305623472,NA
76111,Tarrant County,TX,39.57115009746588,NA,NA,NA
76115,Tarrant County,TX,55.165692007797276,14.917127071823206,NA,NA
76117,Tarrant County,TX,15.009746588693956,NA,NA,NA
76119,Tarrant County,TX,2.3391812865497075,NA,NA,NA
76123,Tarrant County,TX,NA,NA,53.42298288508558,NA
76137,Tarrant County,TX,NA,NA,27.383863080684595,25.37878787878788
76244,Tarrant County,TX,NA,38.950276243093924,NA,NA
76579,Bell County,TX,NA,NA,91.32029339853301,NA
76705,McLennan County,TX,23.196881091617932,NA,NA,NA
76801,Brown County,TX,NA,85.91160220994475,NA,NA
76821,Runnels County,TX,NA,NA,NA,91.66666666666666
76904,Tom Green County,TX,NA,NA,70.6601466992665,NA
77031,Harris County,TX,NA,82.59668508287292,NA,NA
77035,Harris County,TX,39.57115009746588,NA,NA,NA
77044,Harris County,TX,25.341130604288498,NA,NA,NA
77045,Harris County,TX,NA,NA,NA,69.6969696969697
77049,Harris County,TX,NA,56.353591160220994,NA,NA
77060,Harris County,TX,46.393762183235864,NA,NA,NA
77073,Harris County,TX,52.63157894736842,54.14364640883977,NA,NA
77079,Harris County,TX,63.93762183235867,NA,NA,NA
77080,Harris County,TX,46.00389863547758,NA,NA,NA
77084,Harris County,TX,15.009746588693956,NA,17.237163814180928,29.166666666666668
77090,Harris County,TX,NA,35.635359116022094,NA,NA
77092,Harris County,TX,NA,63.812154696132595,NA,NA
77096,Harris County,TX,NA,NA,NA,53.78787878787878
77098,Harris County,TX,NA,NA,NA,90.9090909090909
77099,Harris County,TX,NA,21.54696132596685,NA,NA
77303,Montgomery County,TX,49.317738791423,NA,NA,NA
77351,Polk County,TX,NA,NA,51.83374083129584,NA
77354,Montgomery County,TX,NA,72.65193370165746,NA,NA
77355,Montgomery County,TX,NA,NA,NA,57.1969696969697
77365,Montgomery County,TX,NA,NA,56.47921760391198,NA
77373,Harris County,TX,NA,NA,34.474327628361856,NA
77379,Harris County,TX,12.865497076023392,NA,NA,NA
77381,Montgomery County,TX,NA,NA,NA,45.45454545454545
77382,Montgomery County,TX,NA,NA,73.34963325183375,NA
77386,Montgomery County,TX,67.83625730994152,NA,39.85330073349633,NA
77388,Harris County,TX,NA,NA,NA,44.31818181818182
77389,Harris County,TX,58.67446393762184,NA,NA,NA
77406,Fort Bend County,TX,46.393762183235864,NA,NA,NA
77429,Harris County,TX,NA,NA,16.748166259168702,NA
77450,Harris County,TX,36.84210526315789,NA,NA,NA
77459,Fort Bend County,TX,NA,NA,64.05867970660147,NA
77471,Fort Bend County,TX,NA,NA,NA,65.15151515151516
77479,Fort Bend County,TX,NA,NA,84.10757946210269,NA
77494,Fort Bend County,TX,NA,NA,23.227383863080682,NA
77520,Harris County,TX,NA,NA,50,NA
77568,Galveston County,TX,NA,41.71270718232044,NA,NA
77581,Brazoria County,TX,34.69785575048733,NA,NA,NA
77619,Jefferson County,TX,NA,80.93922651933701,NA,NA
77657,Hardin County,TX,54.19103313840156,NA,NA,NA
77662,Orange County,TX,40.15594541910331,NA,NA,NA
77705,Jefferson County,TX,NA,51.10497237569061,NA,NA
77706,Jefferson County,TX,NA,NA,54.64547677261614,NA
77707,Jefferson County,TX,76.80311890838206,NA,NA,NA
77708,Jefferson County,TX,86.93957115009746,NA,NA,NA
77856,Robertson County,TX,98.24561403508771,NA,NA,NA
77995,Lavaca County,TX,NA,NA,NA,96.96969696969697
78014,La Salle County,TX,96.68615984405457,NA,NA,NA
78041,Webb County,TX,NA,25.13812154696133,NA,NA
78045,Webb County,TX,NA,NA,29.95110024449878,NA
78052,Atascosa County,TX,NA,NA,96.08801955990221,NA
78076,Zapata County,TX,88.30409356725146,NA,NA,NA
78114,Wilson County,TX,NA,NA,62.34718826405869,NA
78201,Bexar County,TX,21.052631578947366,NA,NA,NA
78204,Bexar County,TX,NA,67.95580110497238,NA,NA
78214,Bexar County,TX,NA,24.30939226519337,NA,NA
78221,Bexar County,TX,NA,NA,52.20048899755502,NA
78227,Bexar County,TX,NA,9.668508287292818,42.78728606356968,NA
78228,Bexar County,TX,NA,NA,34.3520782396088,NA
78232,Bexar County,TX,75.6335282651072,NA,NA,NA
78237,Bexar County,TX,NA,NA,35.45232273838631,NA
78245,Bexar County,TX,2.729044834307992,NA,NA,NA
78247,Bexar County,TX,38.01169590643275,NA,NA,NA
78250,Bexar County,TX,14.619883040935672,27.348066298342545,NA,NA
78251,Bexar County,TX,56.72514619883041,NA,NA,NA
78332,Jim Wells County,TX,21.637426900584796,NA,NA,NA
78368,San Patricio County,TX,NA,85.91160220994475,NA,NA
78374,San Patricio County,TX,78.55750487329435,NA,NA,NA
78408,Nueces County,TX,77.38791423001949,NA,NA,NA
78414,Nueces County,TX,47.173489278752434,NA,NA,NA
78520,Cameron County,TX,NA,1.9337016574585635,NA,NA
78537,Hidalgo County,TX,NA,6.077348066298343,NA,NA
78566,Cameron County,TX,NA,NA,90.58679706601467,NA
78572,Hidalgo County,TX,NA,NA,NA,21.96969696969697
78577,Hidalgo County,TX,NA,NA,34.10757946210269,NA
78586,Cameron County,TX,NA,NA,NA,55.68181818181818
78641,Williamson County,TX,37.62183235867446,NA,NA,NA
78643,Llano County,TX,NA,NA,88.38630806845967,NA
78669,Travis County,TX,NA,NA,95.72127139364304,NA
78721,Travis County,TX,NA,NA,93.03178484107579,NA
78731,Travis County,TX,79.14230019493176,NA,NA,NA
78741,Travis County,TX,57.50487329434698,NA,NA,NA
78758,Travis County,TX,NA,47.23756906077348,NA,NA
78759,Travis County,TX,NA,98.06629834254143,NA,NA
78840,Val Verde County,TX,NA,NA,NA,20.833333333333336
79104,Potter County,TX,NA,94.1988950276243,NA,NA
79107,Potter County,TX,NA,12.154696132596685,NA,NA
79382,Lubbock County,TX,NA,NA,96.45476772616138,NA
79415,Lubbock County,TX,73.68421052631578,NA,NA,NA
79424,Lubbock County,TX,NA,NA,32.02933985330073,NA
79602,Taylor County,TX,NA,NA,66.99266503667481,NA
79603,Taylor County,TX,NA,NA,35.81907090464548,NA
79763,Ector County,TX,13.840155945419102,NA,41.19804400977995,NA
79764,Ector County,TX,66.8615984405458,NA,NA,NA
79904,El Paso County,TX,48.148148148148145,NA,NA,NA
79907,El Paso County,TX,NA,NA,44.132029339853304,NA
79932,El Paso County,TX,79.14230019493176,NA,NA,NA
79936,El Paso County,TX,NA,4.972375690607735,NA,NA
84003,Utah County,UT,NA,NA,49.877750611246945,NA
84042,Utah County,UT,NA,NA,97.1882640586797,NA
84066,Duchesne County,UT,NA,NA,68.21515892420538,NA
84084,Salt Lake County,UT,NA,NA,52.44498777506112,NA
84092,Salt Lake County,UT,71.73489278752436,NA,NA,NA
84103,Salt Lake County,UT,NA,NA,74.08312958435208,NA
84111,Salt Lake County,UT,NA,NA,80.31784841075795,NA
84119,Salt Lake County,UT,NA,NA,18.21515892420538,48.484848484848484
84120,Salt Lake County,UT,NA,NA,9.7799511002445,NA
84337,Box Elder County,UT,NA,NA,93.15403422982885,NA
05089,Windsor County,VT,NA,NA,NA,93.56060606060606
05443,Addison County,VT,NA,NA,NA,79.54545454545455
05446,Chittenden County,VT,NA,NA,NA,51.515151515151516
05733,Rutland County,VT,NA,NA,NA,77.65151515151516
20124,Fairfax County,VA,NA,NA,NA,89.39393939393939
20170,Fairfax County,VA,48.927875243664715,NA,NA,NA
20176,Loudoun County,VA,NA,NA,83.61858190709046,NA
22003,Fairfax County,VA,NA,NA,36.3080684596577,67.42424242424242
22015,Fairfax County,VA,57.30994152046783,NA,NA,NA
22079,Fairfax County,VA,NA,NA,48.899755501222494,NA
22102,Fairfax County,VA,NA,NA,81.2958435207824,NA
22305,Alexandria city,VA,70.9551656920078,NA,NA,NA
22407,Spotsylvania County,VA,NA,NA,55.99022004889975,NA
22553,Spotsylvania County,VA,NA,NA,87.28606356968214,NA
22560,Essex County,VA,90.25341130604289,NA,NA,NA
22802,Harrisonburg city,VA,NA,NA,30.317848410757946,NA
22853,Rockingham County,VA,82.84600389863547,NA,NA,NA
22901,Albemarle County,VA,NA,47.23756906077348,NA,NA
23060,Henrico County,VA,NA,NA,71.02689486552566,NA
23220,Richmond city,VA,NA,NA,NA,62.121212121212125
23224,Richmond city,VA,10.721247563352826,NA,NA,NA
23321,Chesapeake city,VA,NA,NA,53.91198044009779,NA
23415,Accomack County,VA,99.41520467836257,NA,NA,NA
23434,Suffolk city,VA,NA,NA,22.12713936430318,NA
23454,Virginia Beach city,VA,55.7504873294347,NA,71.14914425427872,NA
23464,Virginia Beach city,VA,NA,NA,NA,4.924242424242424
23504,Norfolk city,VA,50.682261208576996,NA,NA,NA
23505,Norfolk city,VA,NA,NA,44.987775061124694,NA
23607,Newport News city,VA,41.32553606237816,NA,NA,NA
23608,Newport News city,VA,NA,11.32596685082873,NA,NA
23661,Hampton city,VA,78.16764132553607,NA,NA,NA
23669,Hampton city,VA,NA,35.0828729281768,NA,NA
23803,Petersburg city,VA,21.44249512670565,NA,NA,NA
23805,Petersburg city,VA,NA,NA,60.391198044009776,NA
23901,Prince Edward County,VA,NA,NA,68.45965770171149,NA
24012,Roanoke city,VA,NA,48.89502762430939,NA,NA
24013,Roanoke city,VA,NA,NA,83.00733496332519,NA
24015,Roanoke city,VA,NA,NA,80.56234718826406,NA
24228,Dickenson County,VA,NA,NA,76.03911980440098,NA
24266,Russell County,VA,NA,70.99447513812154,NA,NA
24588,Campbell County,VA,NA,NA,NA,87.87878787878788
24605,Tazewell County,VA,73.68421052631578,NA,NA,NA
98012,Snohomish County,WA,NA,NA,72.37163814180929,NA
98031,King County,WA,NA,NA,47.92176039119804,NA
98104,King County,WA,NA,NA,82.3960880195599,NA
98112,King County,WA,NA,NA,63.447432762836186,NA
98126,King County,WA,NA,NA,67.84841075794621,NA
98148,King County,WA,NA,NA,98.16625916870416,NA
98221,Skagit County,WA,81.0916179337232,NA,NA,NA
98264,Whatcom County,WA,85.57504873294347,NA,NA,NA
98310,Kitsap County,WA,NA,NA,75.30562347188264,NA
98321,Pierce County,WA,NA,81.76795580110497,NA,NA
98368,Jefferson County,WA,NA,NA,76.65036674816625,NA
98402,Pierce County,WA,NA,NA,NA,86.36363636363636
98532,Lewis County,WA,93.56725146198829,NA,NA,NA
98632,Cowlitz County,WA,NA,NA,26.03911980440098,NA
98640,Pacific County,WA,NA,NA,99.51100244498777,NA
98662,Clark County,WA,NA,NA,92.54278728606357,NA
98671,Clark County,WA,NA,NA,NA,84.0909090909091
98683,Clark County,WA,NA,NA,NA,76.51515151515152
98802,Douglas County,WA,NA,77.62430939226519,NA,NA
98944,Yakima County,WA,NA,NA,66.13691931540342,NA
98948,Yakima County,WA,NA,66.57458563535911,NA,NA
98951,Yakima County,WA,NA,62.430939226519335,NA,NA
99111,Whitman County,WA,NA,NA,97.1882640586797,NA
99201,Spokane County,WA,NA,NA,70.04889975550122,NA
99301,Franklin County,WA,NA,15.193370165745856,NA,NA
99350,Benton County,WA,NA,NA,NA,90.15151515151516
99352,Benton County,WA,NA,NA,NA,32.196969696969695
99362,Walla Walla County,WA,NA,52.762430939226526,NA,NA
20002,District of Columbia,DC,NA,NA,7.212713936430318,NA
20003,District of Columbia,DC,NA,NA,56.84596577017115,NA
20032,District of Columbia,DC,NA,25.69060773480663,NA,NA
25403,Berkeley County,WV,NA,87.29281767955801,NA,NA
25404,Berkeley County,WV,NA,NA,45.354523227383865,NA
25508,Logan County,WV,81.67641325536063,NA,NA,NA
25701,Cabell County,WV,NA,NA,22.249388753056234,NA
26101,Wood County,WV,NA,NA,6.845965770171149,NA
26241,Randolph County,WV,41.32553606237816,62.430939226519335,NA,NA
26301,Harrison County,WV,NA,NA,35.33007334963325,NA
26501,Monongalia County,WV,NA,NA,24.205378973105134,NA
53022,Washington County,WI,15.984405458089668,NA,NA,NA
53045,Waukesha County,WI,43.46978557504873,NA,NA,NA
53081,Sheboygan County,WI,NA,NA,22.493887530562347,NA
53095,Washington County,WI,NA,NA,58.31295843520783,NA
53132,Milwaukee County,WI,NA,NA,45.599022004889974,27.27272727272727
53140,Kenosha County,WI,NA,NA,15.403422982885084,NA
53142,Kenosha County,WI,NA,NA,13.080684596577017,NA
53143,Kenosha County,WI,NA,37.84530386740331,NA,NA
53150,Waukesha County,WI,NA,NA,93.64303178484109,NA
53190,Walworth County,WI,NA,NA,NA,65.53030303030303
53205,Milwaukee County,WI,NA,NA,38.63080684596577,NA
53206,Milwaukee County,WI,NA,NA,12.95843520782396,NA
53222,Milwaukee County,WI,NA,NA,64.66992665036675,NA
53511,Rock County,WI,NA,NA,9.5354523227383865,NA
53545,Rock County,WI,19.49317738791423,NA,NA,NA
53555,Columbia County,WI,96.29629629629629,NA,NA,NA
53925,Columbia County,WI,NA,79.28176795580112,NA,NA
54016,St. Croix County,WI,NA,92.81767955801105,NA,NA
54166,Shawano County,WI,NA,NA,77.01711491442543,NA
54220,Manitowoc County,WI,NA,NA,NA,4.166666666666666
54235,Door County,WI,NA,85.91160220994475,NA,NA
54304,Brown County,WI,53.99610136452242,NA,NA,NA
54409,Langlade County,WI,NA,43.0939226519337,NA,NA
54456,Clark County,WI,NA,NA,NA,96.5909090909091
54568,Vilas County,WI,NA,NA,NA,96.21212121212122
54739,Dunn County,WI,NA,NA,98.41075794621027,NA
54937,Fond du Lac County,WI,NA,NA,50.12224938875306,NA
54944,Outagamie County,WI,NA,98.89502762430939,NA,NA
54952,Winnebago County,WI,46.978557504873294,NA,NA,NA
54961,Waupaca County,WI,NA,NA,65.6479217603912,NA
