ZipCode,county,state,Pediatric,Adult,Retirement,Geriatric
35209,Jefferson County,AL,NA,NA,76.09254498714652,NA
36081,Pike County,AL,NA,87.15953307392996,NA,NA
36092,Elmore County,AL,NA,56.42023346303502,NA,NA
36360,Dale County,AL,NA,57.58754863813229,NA,NA
36830,Lee County,AL,NA,77.431906614786,NA,NA
99516,Anchorage Municipality,AK,NA,85.21400778210116,NA,NA
99576,Dillingham Census Area,AK,94.25287356321839,94.94163424124513,NA,NA
99654,Matanuska-Susitna Borough,AK,NA,49.416342412451364,NA,NA
99835,Sitka City and Borough,AK,NA,71.98443579766537,84.83290488431876,NA
85009,Maricopa County,AZ,13.218390804597702,NA,NA,NA
85017,Maricopa County,AZ,58.620689655172406,NA,NA,NA
85040,Maricopa County,AZ,24.137931034482758,NA,NA,NA
85256,Maricopa County,AZ,88.50574712643679,NA,NA,NA
85257,Maricopa County,AZ,NA,NA,76.34961439588689,NA
85321,Pima County,AZ,NA,97.66536964980544,NA,NA
85339,Maricopa County,AZ,36.206896551724135,NA,NA,NA
85344,La Paz County,AZ,NA,51.36186770428015,42.41645244215938,NA
85364,Yuma County,AZ,19.54022988505747,NA,NA,NA
85542,Gila County,AZ,NA,93.3852140077821,NA,NA
85550,Graham County,AZ,20.114942528735632,NA,NA,NA
85634,Pima County,AZ,47.12643678160919,35.019455252918284,74.03598971722364,NA
85650,Cochise County,AZ,NA,NA,67.86632390745501,NA
85713,Pima County,AZ,NA,17.509727626459142,NA,NA
85718,Pima County,AZ,NA,70.42801556420234,NA,NA
85749,Pima County,AZ,NA,NA,45.75835475578406,NA
86001,Coconino County,AZ,NA,32.295719844357976,NA,85.84070796460178
86004,Coconino County,AZ,NA,16.342412451361866,NA,NA
86025,Navajo County,AZ,84.48275862068965,NA,NA,NA
86033,Navajo County,AZ,NA,74.31906614785993,NA,NA
86045,Coconino County,AZ,9.195402298850574,38.52140077821012,47.81491002570694,NA
86047,Navajo County,AZ,85.63218390804597,47.85992217898833,NA,NA
86322,Yavapai County,AZ,95.97701149425288,NA,NA,NA
86323,Yavapai County,AZ,NA,63.81322957198443,NA,NA
86503,Apache County,AZ,68.39080459770115,92.99610894941634,95.62982005141389,53.53982300884957
86505,Apache County,AZ,70.6896551724138,NA,93.573264781491,67.2566371681416
86538,Apache County,AZ,71.26436781609196,NA,NA,NA
71822,Little River County,AR,NA,NA,NA,80.08849557522124
71909,Garland County,AR,NA,NA,39.33161953727507,NA
72032,Faulkner County,AR,NA,NA,51.670951156812336,NA
72103,Saline County,AR,NA,NA,96.40102827763496,NA
72117,Pulaski County,AR,NA,NA,83.80462724935732,NA
72204,Pulaski County,AR,NA,NA,38.303341902313626,NA
72206,Pulaski County,AR,NA,NA,NA,55.75221238938053
72209,Pulaski County,AR,NA,66.14785992217898,NA,NA
72227,Pulaski County,AR,NA,NA,89.97429305912597,NA
72956,Crawford County,AR,NA,61.08949416342413,NA,NA
90025,Los Angeles County,CA,NA,NA,42.9305912596401,NA
90605,Los Angeles County,CA,NA,NA,NA,87.61061946902655
90638,Los Angeles County,CA,NA,NA,NA,33.6283185840708
90650,Los Angeles County,CA,NA,60.70038910505836,22.36503856041131,NA
90703,Los Angeles County,CA,NA,NA,NA,42.0353982300885
91301,Los Angeles County,CA,98.85057471264368,NA,NA,NA
91762,San Bernardino County,CA,NA,NA,56.555269922879184,NA
91941,San Diego County,CA,NA,70.8171206225681,NA,NA
92040,San Diego County,CA,NA,NA,NA,36.283185840707965
92056,San Diego County,CA,NA,NA,NA,15.486725663716813
92084,San Diego County,CA,NA,NA,71.2082262210797,NA
92101,San Diego County,CA,NA,NA,NA,45.13274336283185
92106,San Diego County,CA,NA,NA,NA,97.78761061946902
92122,San Diego County,CA,NA,NA,77.37789203084833,NA
92126,San Diego County,CA,NA,NA,40.102827763496144,NA
92374,San Bernardino County,CA,NA,54.474708171206224,NA,NA
92553,Riverside County,CA,28.735632183908045,NA,NA,NA
92648,Orange County,CA,NA,40.07782101167315,NA,NA
92708,Orange County,CA,NA,NA,NA,27.43362831858407
92802,Orange County,CA,NA,86.7704280155642,NA,NA
93305,Kern County,CA,NA,NA,98.20051413881748,NA
93312,Kern County,CA,NA,NA,52.44215938303341,NA
93401,San Luis Obispo County,CA,82.75862068965517,NA,NA,NA
93444,San Luis Obispo County,CA,55.74712643678161,NA,NA,NA
93454,Santa Barbara County,CA,43.103448275862064,NA,NA,NA
93560,Kern County,CA,NA,NA,92.80205655526991,NA
93705,Fresno County,CA,NA,46.69260700389105,NA,NA
94015,San Mateo County,CA,82.75862068965517,NA,NA,NA
94044,San Mateo County,CA,NA,NA,35.2185089974293,NA
94065,San Mateo County,CA,NA,NA,94.60154241645245,NA
94066,San Mateo County,CA,NA,82.49027237354085,NA,NA
94102,San Francisco County,CA,NA,43.57976653696498,NA,NA
94103,San Francisco County,CA,NA,25.291828793774318,NA,NA
94111,San Francisco County,CA,NA,NA,99.74293059125964,NA
94112,San Francisco County,CA,NA,NA,NA,4.867256637168142
94115,San Francisco County,CA,NA,NA,NA,16.371681415929203
94121,San Francisco County,CA,NA,NA,47.55784061696658,NA
94123,San Francisco County,CA,NA,NA,95.37275064267352,NA
94134,San Francisco County,CA,NA,NA,NA,34.51327433628318
94303,San Mateo County,CA,NA,72.76264591439688,NA,NA
94403,San Mateo County,CA,NA,63.035019455252915,25.96401028277635,NA
94518,Contra Costa County,CA,NA,NA,NA,64.15929203539822
94523,Contra Costa County,CA,NA,NA,66.32390745501286,NA
94541,Alameda County,CA,49.42528735632184,NA,NA,NA
94553,Contra Costa County,CA,NA,52.918287937743195,35.98971722365039,NA
94558,Napa County,CA,NA,NA,41.131105398457585,NA
94565,Contra Costa County,CA,NA,NA,66.83804627249359,NA
94589,Solano County,CA,NA,NA,59.383033419023135,NA
94591,Solano County,CA,NA,NA,47.30077120822622,NA
94621,Alameda County,CA,39.08045977011494,NA,NA,NA
94706,Alameda County,CA,NA,NA,NA,96.90265486725663
94806,Contra Costa County,CA,NA,NA,NA,64.60176991150442
94945,Marin County,CA,NA,NA,79.17737789203085,NA
94954,Sonoma County,CA,NA,60.311284046692606,NA,NA
95046,Santa Clara County,CA,81.03448275862068,NA,NA,NA
95116,Santa Clara County,CA,NA,NA,60.15424164524421,NA
95122,Santa Clara County,CA,96.55172413793103,NA,NA,NA
95206,San Joaquin County,CA,85.0574712643678,NA,NA,NA
95624,Sacramento County,CA,NA,NA,34.70437017994858,NA
95670,Sacramento County,CA,NA,NA,NA,31.41592920353982
95693,Sacramento County,CA,NA,NA,NA,94.24778761061947
95747,Placer County,CA,NA,NA,NA,11.946902654867257
95762,El Dorado County,CA,NA,NA,NA,46.46017699115044
95825,Sacramento County,CA,NA,NA,75.83547557840618,NA
95828,Sacramento County,CA,NA,NA,39.0745501285347,NA
95843,Sacramento County,CA,NA,NA,71.97943444730078,NA
95966,Butte County,CA,66.66666666666666,NA,NA,NA
80010,Arapahoe County,CO,33.33333333333333,NA,NA,NA
80011,Arapahoe County,CO,NA,NA,NA,50.442477876106196
80012,Arapahoe County,CO,37.93103448275862,NA,NA,NA
80013,Arapahoe County,CO,NA,NA,32.13367609254499,NA
80016,Arapahoe County,CO,NA,36.186770428015564,NA,NA
80204,Denver County,CO,45.40229885057471,NA,NA,89.38053097345133
80205,Denver County,CO,59.195402298850574,NA,NA,NA
80206,Denver County,CO,NA,NA,73.26478149100257,NA
80209,Denver County,CO,NA,NA,NA,77.43362831858407
80210,Denver County,CO,NA,68.09338521400778,NA,NA
80216,Denver County,CO,63.793103448275865,78.59922178988327,NA,NA
80219,Denver County,CO,NA,11.673151750972762,31.619537275064268,NA
80223,Denver County,CO,NA,NA,63.49614395886889,91.1504424778761
80227,Jefferson County,CO,NA,69.64980544747081,NA,NA
80239,Denver County,CO,NA,37.7431906614786,NA,NA
80260,Adams County,CO,34.48275862068966,NA,NA,NA
80301,Boulder County,CO,NA,NA,NA,93.80530973451327
06037,Hartford County,CT,NA,NA,NA,47.78761061946903
06492,New Haven County,CT,NA,NA,NA,6.637168141592921
06525,New Haven County,CT,NA,96.88715953307393,NA,NA
32097,Nassau County,FL,NA,NA,42.673521850899746,NA
32603,Alachua County,FL,NA,99.22178988326849,NA,NA
32696,Levy County,FL,NA,NA,NA,83.1858407079646
32926,Brevard County,FL,NA,NA,52.95629820051414,NA
33064,Broward County,FL,NA,NA,25.70694087403599,NA
33127,Miami-Dade County,FL,NA,NA,76.86375321336762,NA
33134,Miami-Dade County,FL,NA,NA,NA,75.66371681415929
33137,Miami-Dade County,FL,NA,NA,89.7172236503856,NA
33139,Miami-Dade County,FL,NA,71.59533073929961,NA,NA
33144,Miami-Dade County,FL,NA,NA,NA,19.469026548672566
33155,Miami-Dade County,FL,NA,NA,NA,17.25663716814159
33186,Miami-Dade County,FL,NA,NA,NA,69.91150442477876
33189,Miami-Dade County,FL,NA,NA,96.65809768637533,NA
33446,Palm Beach County,FL,NA,NA,NA,5.3097345132743365
33614,Hillsborough County,FL,NA,49.0272373540856,NA,NA
33715,Pinellas County,FL,NA,NA,83.80462724935732,NA
33716,Pinellas County,FL,NA,NA,90.74550128534705,NA
33771,Pinellas County,FL,NA,NA,40.616966580976865,NA
33801,Polk County,FL,NA,NA,49.61439588688946,NA
33809,Polk County,FL,NA,58.754863813229576,NA,NA
33823,Polk County,FL,NA,NA,NA,65.48672566371681
33990,Lee County,FL,NA,NA,80.97686375321337,NA
34223,Sarasota County,FL,NA,NA,NA,37.16814159292036
34238,Sarasota County,FL,NA,NA,80.20565552699229,NA
34431,Marion County,FL,NA,NA,NA,98.67256637168141
34476,Marion County,FL,NA,NA,45.501285347043705,NA
34481,Marion County,FL,NA,NA,NA,15.929203539823009
34491,Marion County,FL,NA,NA,NA,26.991150442477874
34731,Lake County,FL,NA,NA,88.17480719794345,NA
34952,St. Lucie County,FL,NA,NA,16.452442159383033,NA
30024,Gwinnett County,GA,NA,NA,33.933161953727506,NA
30039,Gwinnett County,GA,NA,NA,61.95372750642674,NA
30046,Gwinnett County,GA,NA,NA,61.696658097686374,NA
30062,Cobb County,GA,NA,NA,NA,72.12389380530973
30067,Cobb County,GA,NA,72.37354085603113,NA,NA
30120,Bartow County,GA,NA,31.906614785992215,NA,NA
30253,Henry County,GA,NA,83.26848249027238,NA,NA
30312,Fulton County,GA,NA,NA,60.9254498714653,NA
30315,Fulton County,GA,NA,41.245136186770424,NA,NA
30318,Fulton County,GA,NA,NA,75.57840616966581,NA
30344,Fulton County,GA,NA,NA,97.42930591259639,NA
30518,Gwinnett County,GA,NA,NA,42.159383033419026,49.557522123893804
30523,Habersham County,GA,NA,85.99221789883269,NA,NA
30813,Columbia County,GA,77.01149425287356,NA,NA,NA
31709,Sumter County,GA,NA,NA,83.03341902313625,NA
96789,Honolulu County,HI,NA,NA,14.652956298200515,NA
96817,Honolulu County,HI,33.33333333333333,NA,NA,NA
96818,Honolulu County,HI,NA,NA,NA,38.05309734513274
96819,Honolulu County,HI,NA,29.18287937743191,NA,NA
83706,Ada County,ID,NA,NA,32.390745501285345,NA
60035,Lake County,IL,NA,NA,NA,23.893805309734514
60070,Cook County,IL,NA,93.3852140077821,NA,NA
60153,Cook County,IL,NA,NA,34.19023136246786,NA
60193,Cook County,IL,NA,NA,17.223650385604113,NA
60438,Cook County,IL,100,NA,NA,NA
60457,Cook County,IL,NA,NA,78.1491002570694,NA
60458,Cook County,IL,NA,NA,76.60668380462725,NA
60516,DuPage County,IL,NA,NA,36.50385604113111,NA
60525,Cook County,IL,NA,36.57587548638132,NA,NA
60559,DuPage County,IL,NA,55.252918287937746,NA,NA
60615,Cook County,IL,NA,NA,60.411311053984576,NA
60625,Cook County,IL,NA,23.73540856031128,NA,NA
60632,Cook County,IL,NA,26.848249027237355,NA,NA
61021,Lee County,IL,NA,NA,40.87403598971722,3.5398230088495577
61032,Stephenson County,IL,NA,48.249027237354085,NA,52.21238938053098
61061,Ogle County,IL,NA,NA,82.51928020565553,NA
61071,Whiteside County,IL,NA,NA,NA,17.699115044247787
61342,LaSalle County,IL,NA,NA,54.75578406169666,NA
61821,Champaign County,IL,NA,NA,NA,14.601769911504425
61832,Vermilion County,IL,NA,22.17898832684825,NA,NA
61853,Champaign County,IL,NA,84.8249027237354,NA,NA
61874,Champaign County,IL,NA,NA,NA,49.11504424778761
62881,Marion County,IL,NA,NA,83.54755784061697,NA
62896,Franklin County,IL,NA,NA,38.81748071979435,NA
46226,Marion County,IN,NA,NA,22.62210796915167,NA
46360,LaPorte County,IN,NA,13.618677042801556,NA,NA
46373,Lake County,IN,NA,NA,44.73007712082262,NA
46825,Allen County,IN,NA,NA,NA,37.610619469026545
46970,Miami County,IN,NA,NA,31.876606683804624,NA
47041,Ripley County,IN,NA,NA,91.00257069408741,NA
50266,Polk County,IA,NA,NA,86.11825192802056,NA
50310,Polk County,IA,NA,NA,57.58354755784062,NA
50314,Polk County,IA,NA,56.03112840466926,90.23136246786633,NA
50316,Polk County,IA,75.28735632183908,NA,NA,NA
51108,Woodbury County,IA,NA,94.55252918287937,NA,NA
51503,Pottawattamie County,IA,NA,NA,9.768637532133676,NA
52241,Johnson County,IA,73.5632183908046,NA,NA,NA
52245,Johnson County,IA,NA,NA,NA,59.73451327433629
40071,Spencer County,KY,NA,NA,59.89717223650386,NA
40475,Madison County,KY,NA,19.06614785992218,NA,NA
40503,Fayette County,KY,NA,77.82101167315176,NA,NA
41501,Pike County,KY,NA,NA,55.012853470437015,NA
70037,Plaquemines Parish,LA,NA,89.88326848249028,NA,NA
70068,St. John the Baptist Parish,LA,NA,NA,61.18251928020566,NA
70122,Orleans Parish,LA,NA,12.840466926070038,NA,21.68141592920354
70123,Jefferson Parish,LA,NA,NA,63.75321336760925,NA
70126,Orleans Parish,LA,NA,NA,NA,26.10619469026549
70127,Orleans Parish,LA,NA,NA,37.275064267352185,NA
70130,Orleans Parish,LA,NA,NA,44.2159383033419,NA
70301,Lafourche Parish,LA,NA,NA,15.938303341902312,NA
70364,Terrebonne Parish,LA,NA,NA,95.11568123393316,NA
70422,Tangipahoa Parish,LA,NA,NA,49.87146529562982,NA
70435,St. Tammany Parish,LA,NA,NA,25.19280205655527,NA
70461,St. Tammany Parish,LA,12.068965517241379,NA,NA,NA
70506,Lafayette Parish,LA,NA,NA,24.67866323907455,NA
70529,Lafayette Parish,LA,93.67816091954023,NA,NA,NA
70791,East Baton Rouge Parish,LA,82.18390804597702,NA,NA,NA
70809,East Baton Rouge Parish,LA,NA,NA,58.354755784061695,NA
71119,Caddo Parish,LA,NA,NA,NA,73.45132743362832
04064,York County,ME,NA,82.87937743190662,NA,NA
04102,Cumberland County,ME,NA,48.249027237354085,NA,NA
04401,Penobscot County,ME,NA,NA,4.113110539845758,NA
04953,Penobscot County,ME,NA,NA,97.94344473007712,NA
20735,Prince George's County,MD,NA,70.03891050583657,NA,NA
21208,Baltimore County,MD,NA,NA,40.102827763496144,NA
21212,Baltimore city,MD,NA,52.52918287937744,NA,NA
21213,Baltimore city,MD,NA,NA,56.041131105398456,NA
21231,Baltimore city,MD,NA,76.26459143968872,NA,NA
01013,Hampden County,MA,NA,9.72762645914397,NA,NA
01104,Hampden County,MA,14.942528735632186,NA,2.570694087403599,NA
01105,Hampden County,MA,NA,NA,19.02313624678663,NA
01108,Hampden County,MA,NA,5.447470817120623,NA,NA
01109,Hampden County,MA,17.81609195402299,7.392996108949417,NA,NA
01118,Hampden County,MA,NA,39.688715953307394,NA,NA
01119,Hampden County,MA,NA,NA,54.498714652956295,NA
01129,Hampden County,MA,NA,NA,65.55269922879178,NA
01532,Worcester County,MA,NA,NA,NA,61.504424778761056
01545,Worcester County,MA,NA,30.35019455252918,NA,NA
01566,Worcester County,MA,NA,NA,NA,86.28318584070797
01603,Worcester County,MA,NA,5.836575875486381,NA,NA
01604,Worcester County,MA,NA,2.7237354085603114,NA,NA
01605,Worcester County,MA,NA,4.669260700389105,NA,NA
01775,Middlesex County,MA,NA,94.16342412451361,NA,NA
01801,Middlesex County,MA,NA,NA,3.0848329048843186,NA
01821,Middlesex County,MA,NA,NA,4.627249357326478,NA
01844,Essex County,MA,NA,19.45525291828794,NA,NA
01863,Middlesex County,MA,NA,NA,69.66580976863753,NA
01876,Middlesex County,MA,NA,17.120622568093385,NA,NA
01902,Essex County,MA,NA,1.1673151750972763,NA,NA
01906,Essex County,MA,NA,8.949416342412452,NA,NA
01923,Essex County,MA,48.85057471264368,NA,NA,NA
01970,Essex County,MA,NA,NA,1.7994858611825193,NA
02038,Norfolk County,MA,NA,NA,NA,31.858407079646017
02043,Plymouth County,MA,NA,NA,NA,24.336283185840706
02081,Norfolk County,MA,80.45977011494253,NA,NA,NA
02116,Suffolk County,MA,NA,NA,8.226221079691516,21.238938053097346
02118,Suffolk County,MA,20.689655172413794,6.614785992217899,1.5424164524421593,6.1946902654867255
02119,Suffolk County,MA,16.091954022988507,0.38910505836575876,NA,50
02120,Suffolk County,MA,NA,NA,NA,84.95575221238938
02121,Suffolk County,MA,3.4482758620689653,22.957198443579767,NA,NA
02122,Suffolk County,MA,NA,NA,3.3419023136246784,NA
02124,Suffolk County,MA,27.586206896551722,7.003891050583658,0,NA
02125,Suffolk County,MA,NA,10.116731517509727,NA,NA
02126,Suffolk County,MA,18.39080459770115,NA,NA,NA
02127,Suffolk County,MA,47.701149425287355,4.280155642023346,NA,14.15929203539823
02128,Suffolk County,MA,29.88505747126437,1.556420233463035,3.8560411311053984,NA
02130,Suffolk County,MA,NA,43.96887159533074,22.87917737789203,NA
02131,Suffolk County,MA,54.02298850574713,NA,91.25964010282776,NA
02136,Suffolk County,MA,NA,6.22568093385214,NA,7.964601769911504
02139,Middlesex County,MA,NA,NA,64.52442159383034,NA
02141,Middlesex County,MA,NA,40.46692607003891,NA,NA
02143,Middlesex County,MA,NA,NA,NA,22.566371681415927
02144,Middlesex County,MA,NA,NA,17.737789203084834,NA
02145,Middlesex County,MA,NA,NA,69.40874035989717,11.504424778761061
02148,Middlesex County,MA,NA,0,NA,10.176991150442479
02151,Suffolk County,MA,2.8735632183908044,0.7782101167315175,NA,0
02152,Suffolk County,MA,NA,26.07003891050584,NA,NA
02155,Middlesex County,MA,NA,3.11284046692607,1.2853470437017995,NA
02170,Norfolk County,MA,NA,NA,16.195372750642672,NA
02301,Plymouth County,MA,1.7241379310344827,NA,7.455012853470437,NA
02302,Plymouth County,MA,NA,3.501945525291829,NA,NA
02360,Plymouth County,MA,NA,NA,0.2570694087403599,NA
02420,Middlesex County,MA,NA,50.97276264591439,NA,NA
02453,Middlesex County,MA,NA,NA,NA,23.008849557522122
02459,Middlesex County,MA,NA,NA,NA,13.274336283185843
02467,Norfolk County,MA,NA,84.04669260700389,NA,NA
02703,Bristol County,MA,NA,NA,2.827763496143959,NA
48072,Oakland County,MI,NA,NA,60.66838046272493,NA
48082,Macomb County,MI,NA,NA,NA,30.08849557522124
48104,Washtenaw County,MI,NA,NA,41.90231362467866,NA
48105,Washtenaw County,MI,NA,NA,NA,3.0973451327433628
48125,Wayne County,MI,NA,35.797665369649806,NA,NA
48127,Wayne County,MI,NA,NA,30.077120822622106,NA
48167,Oakland County,MI,NA,NA,NA,16.371681415929203
48168,Wayne County,MI,NA,NA,NA,35.84070796460177
48170,Wayne County,MI,NA,NA,7.969151670951156,4.424778761061947
48183,Wayne County,MI,NA,NA,11.053984575835475,NA
48188,Wayne County,MI,NA,NA,13.881748071979436,NA
48192,Wayne County,MI,NA,NA,NA,41.150442477876105
48198,Washtenaw County,MI,NA,NA,21.336760925449873,28.761061946902654
48207,Wayne County,MI,NA,NA,NA,22.123893805309734
48213,Wayne County,MI,NA,NA,NA,60.61946902654868
48219,Wayne County,MI,NA,12.062256809338521,NA,NA
48230,Wayne County,MI,NA,NA,44.473007712082264,NA
48236,Wayne County,MI,NA,NA,21.85089974293059,NA
48301,Oakland County,MI,NA,NA,NA,50.88495575221239
48324,Oakland County,MI,NA,NA,NA,57.52212389380531
48375,Oakland County,MI,NA,NA,NA,58.849557522123895
48423,Genesee County,MI,NA,NA,66.0668380462725,NA
48836,Livingston County,MI,NA,67.31517509727627,NA,NA
48855,Livingston County,MI,87.93103448275862,NA,NA,NA
48858,Isabella County,MI,NA,NA,12.082262210796916,NA
49002,Kalamazoo County,MI,NA,NA,NA,30.53097345132743
49055,Van Buren County,MI,NA,NA,NA,95.13274336283186
49424,Ottawa County,MI,NA,NA,20.822622107969153,NA
49508,Kent County,MI,NA,14.396887159533073,NA,NA
49509,Kent County,MI,NA,NA,NA,61.06194690265486
49756,Montmorency County,MI,NA,NA,NA,82.7433628318584
49841,Marquette County,MI,NA,NA,93.83033419023135,NA
49938,Gogebic County,MI,NA,NA,58.61182519280206,NA
49953,Ontonagon County,MI,NA,NA,NA,70.79646017699115
55016,Washington County,MN,NA,NA,NA,73.89380530973452
55041,Wabasha County,MN,NA,NA,74.293059125964,NA
55044,Dakota County,MN,NA,NA,94.85861182519281,NA
55063,Pine County,MN,NA,83.65758754863813,NA,NA
55066,Goodhue County,MN,NA,NA,62.2107969151671,NA
55110,Ramsey County,MN,NA,NA,44.987146529562985,NA
55112,Ramsey County,MN,NA,NA,69.9228791773779,NA
55337,Dakota County,MN,NA,47.081712062256805,NA,NA
55343,Hennepin County,MN,NA,NA,48.0719794344473,NA
55344,Hennepin County,MN,NA,NA,94.34447300771208,NA
55347,Hennepin County,MN,NA,76.26459143968872,NA,NA
55369,Hennepin County,MN,58.04597701149425,NA,NA,NA
55401,Hennepin County,MN,NA,91.05058365758755,92.03084832904884,NA
55403,Hennepin County,MN,NA,NA,NA,57.07964601769911
55404,Hennepin County,MN,NA,3.8910505836575875,NA,NA
55405,Hennepin County,MN,NA,NA,54.24164524421594,NA
55406,Hennepin County,MN,39.6551724137931,NA,NA,75.22123893805309
55407,Hennepin County,MN,8.045977011494253,15.953307392996107,NA,63.27433628318584
55408,Hennepin County,MN,NA,24.124513618677042,49.10025706940874,NA
55411,Hennepin County,MN,NA,NA,NA,94.69026548672566
55412,Hennepin County,MN,NA,19.844357976653697,NA,NA
55413,Hennepin County,MN,52.87356321839081,NA,NA,NA
55417,Hennepin County,MN,49.42528735632184,NA,NA,NA
55418,Hennepin County,MN,72.98850574712644,NA,43.18766066838046,84.070796460177
55419,Hennepin County,MN,36.7816091954023,NA,NA,NA
55421,Anoka County,MN,81.60919540229885,66.9260700389105,NA,46.902654867256636
55423,Hennepin County,MN,NA,NA,81.23393316195373,NA
55426,Hennepin County,MN,NA,NA,46.52956298200514,NA
55427,Hennepin County,MN,NA,67.70428015564202,NA,NA
55428,Hennepin County,MN,NA,62.2568093385214,39.84575835475578,NA
55430,Hennepin County,MN,NA,NA,78.9203084832905,NA
55432,Anoka County,MN,51.724137931034484,NA,NA,NA
55441,Hennepin County,MN,NA,81.71206225680933,NA,NA
55443,Hennepin County,MN,NA,90.6614785992218,NA,NA
55446,Hennepin County,MN,NA,88.32684824902724,NA,NA
55447,Hennepin County,MN,NA,NA,67.60925449871465,NA
55448,Anoka County,MN,NA,NA,NA,65.04424778761062
55792,St. Louis County,MN,NA,50.19455252918288,75.06426735218508,NA
55803,St. Louis County,MN,NA,NA,87.66066838046272,38.93805309734513
55804,St. Louis County,MN,NA,NA,43.70179948586118,NA
55805,St. Louis County,MN,90.80459770114942,NA,NA,NA
55811,St. Louis County,MN,NA,42.4124513618677,NA,23.451327433628318
55812,St. Louis County,MN,NA,NA,NA,84.51327433628319
55901,Olmsted County,MN,65.51724137931035,71.20622568093385,NA,74.33628318584071
55904,Olmsted County,MN,NA,50.583657587548636,NA,NA
55906,Olmsted County,MN,NA,NA,74.80719794344472,70.35398230088495
55912,Mower County,MN,NA,NA,8.740359897172237,8.849557522123893
55921,Houston County,MN,NA,NA,87.40359897172236,NA
55944,Dodge County,MN,NA,NA,NA,96.01769911504425
55947,Houston County,MN,NA,86.38132295719845,NA,NA
55963,Goodhue County,MN,NA,NA,NA,90.7079646017699
55975,Fillmore County,MN,NA,NA,NA,88.93805309734513
55987,Winona County,MN,NA,NA,NA,2.2123893805309733
56007,Freeborn County,MN,32.18390804597701,56.809338521400775,67.09511568123393,38.49557522123894
56031,Martin County,MN,NA,NA,29.562982005141386,13.716814159292035
56187,Nobles County,MN,NA,NA,46.01542416452442,NA
56258,Lyon County,MN,NA,NA,NA,48.67256637168141
56267,Stevens County,MN,NA,NA,NA,89.82300884955751
56482,Wadena County,MN,NA,59.53307392996109,NA,NA
56484,Cass County,MN,NA,NA,98.97172236503856,88.49557522123894
56501,Becker County,MN,NA,NA,NA,62.38938053097345
56515,Otter Tail County,MN,NA,NA,NA,97.34513274336283
56520,Wilkin County,MN,NA,NA,99.22879177377892,NA
56529,Clay County,MN,NA,92.21789883268482,NA,NA
56537,Otter Tail County,MN,NA,NA,80.46272493573264,20.353982300884958
56560,Clay County,MN,NA,65.75875486381322,NA,NA
56601,Beltrami County,MN,38.50574712643678,78.98832684824903,78.40616966580977,74.77876106194691
56621,Clearwater County,MN,NA,NA,70.17994858611826,39.38053097345133
56633,Hubbard County,MN,NA,NA,93.31619537275064,99.11504424778761
56649,Koochiching County,MN,NA,NA,65.03856041131105,NA
56671,Beltrami County,MN,86.7816091954023,NA,NA,NA
56721,Polk County,MN,NA,NA,77.89203084832906,NA
39120,Adams County,MS,77.58620689655173,NA,NA,NA
63031,St. Louis County,MO,36.7816091954023,NA,NA,NA
63044,St. Louis County,MO,NA,95.71984435797665,NA,NA
63114,St. Louis County,MO,42.5287356321839,NA,NA,NA
63385,St. Charles County,MO,NA,NA,21.079691516709513,NA
64012,Cass County,MO,45.97701149425287,NA,NA,NA
64030,Jackson County,MO,NA,NA,25.449871465295633,NA
64052,Jackson County,MO,46.55172413793103,NA,NA,NA
64057,Jackson County,MO,NA,54.08560311284047,NA,NA
64124,Jackson County,MO,NA,NA,73.52185089974293,NA
64127,Jackson County,MO,NA,15.17509727626459,NA,NA
64128,Jackson County,MO,41.37931034482759,64.98054474708171,NA,NA
64129,Jackson County,MO,NA,59.92217898832685,NA,NA
64137,Jackson County,MO,NA,NA,82.0051413881748,NA
64138,Jackson County,MO,NA,NA,23.90745501285347,NA
64507,Buchanan County,MO,69.54022988505747,NA,NA,NA
64735,Henry County,MO,56.32183908045977,NA,48.84318766066838,NA
64776,St. Clair County,MO,NA,NA,91.51670951156812,NA
65355,Benton County,MO,NA,64.59143968871595,NA,NA
65712,Lawrence County,MO,NA,NA,87.146529562982,NA
65738,Greene County,MO,NA,NA,NA,79.20353982300885
65742,Webster County,MO,NA,91.43968871595331,NA,NA
65802,Greene County,MO,NA,23.346303501945524,28.277634961439592,NA
65803,Greene County,MO,NA,NA,19.53727506426735,NA
59101,Yellowstone County,MT,NA,51.75097276264592,NA,18.141592920353983
59714,Gallatin County,MT,NA,NA,68.38046272493573,NA
59715,Gallatin County,MT,NA,NA,NA,26.548672566371685
59828,Ravalli County,MT,NA,NA,88.17480719794345,NA
59875,Ravalli County,MT,NA,NA,89.46015424164524,NA
68008,Washington County,NE,NA,NA,71.46529562982005,NA
68025,Dodge County,NE,NA,NA,NA,11.061946902654867
68112,Douglas County,NE,NA,87.15953307392996,NA,NA
68137,Douglas County,NE,NA,63.42412451361867,NA,NA
68164,Douglas County,NE,NA,NA,NA,92.92035398230088
68305,Nemaha County,NE,NA,NA,96.91516709511568,NA
68510,Lancaster County,NE,NA,84.43579766536965,NA,NA
68521,Lancaster County,NE,NA,73.92996108949417,NA,NA
89403,Lyon County,NV,NA,NA,46.27249357326478,NA
03063,Hillsborough County,NH,NA,54.86381322957199,NA,NA
03257,Merrimack County,NH,NA,NA,NA,73.00884955752213
03431,Cheshire County,NH,NA,NA,35.47557840616967,63.716814159292035
03743,Sullivan County,NH,NA,NA,47.04370179948586,NA
07104,Essex County,NJ,2.2988505747126435,NA,NA,NA
07502,Passaic County,NJ,29.310344827586203,NA,NA,NA
07514,Passaic County,NJ,NA,NA,78.66323907455013,NA
08879,Middlesex County,NJ,NA,NA,61.43958868894601,NA
87013,Sandoval County,NM,NA,96.49805447470817,NA,NA
87052,Sandoval County,NM,60.91954022988506,98.83268482490273,NA,NA
87102,Bernalillo County,NM,NA,34.63035019455253,NA,NA
87106,Bernalillo County,NM,NA,33.46303501945525,NA,NA
87112,Bernalillo County,NM,NA,28.01556420233463,NA,NA
87114,Bernalillo County,NM,NA,45.525291828793776,NA,NA
87144,Sandoval County,NM,66.0919540229885,NA,NA,NA
87301,McKinley County,NM,25.862068965517242,NA,NA,NA
87313,McKinley County,NM,NA,95.3307392996109,96.1439588688946,NA
87323,McKinley County,NM,NA,NA,99.48586118251927,NA
87327,Cibola County,NM,93.10344827586206,77.04280155642024,NA,NA
87401,San Juan County,NM,NA,29.571984435797667,NA,NA
87420,San Juan County,NM,NA,42.023346303501945,NA,56.63716814159292
87505,Santa Fe County,NM,NA,12.45136186770428,NA,NA
87506,Santa Fe County,NM,68.96551724137932,NA,NA,NA
87508,Santa Fe County,NM,97.12643678160919,NA,NA,NA
87528,Rio Arriba County,NM,79.3103448275862,NA,NA,NA
88011,Doa Ana County,NM,NA,NA,51.9280205655527,NA
10002,New York County,NY,30.45977011494253,NA,7.712082262210797,NA
10009,New York County,NY,NA,20.233463035019454,10.025706940874036,NA
10025,New York County,NY,NA,14.785992217898833,NA,NA
10027,New York County,NY,NA,10.894941634241246,NA,NA
10029,New York County,NY,4.022988505747127,NA,NA,NA
10032,New York County,NY,34.48275862068966,NA,12.853470437017995,NA
10033,New York County,NY,NA,NA,27.76349614395887,NA
10037,New York County,NY,75.28735632183908,NA,NA,NA
10038,New York County,NY,NA,57.19844357976653,NA,NA
10040,New York County,NY,NA,45.13618677042802,26.735218508997427,NA
10303,Richmond County,NY,70.11494252873564,NA,NA,NA
10308,Richmond County,NY,NA,97.27626459143968,NA,NA
10310,Richmond County,NY,43.103448275862064,NA,NA,NA
10451,Bronx County,NY,NA,8.560311284046692,NA,NA
10452,Bronx County,NY,NA,15.56420233463035,NA,NA
10454,Bronx County,NY,4.597701149425287,NA,10.796915167095115,NA
10455,Bronx County,NY,5.172413793103448,NA,16.709511568123396,NA
10456,Bronx County,NY,0,NA,NA,NA
10457,Bronx County,NY,1.1494252873563218,13.229571984435799,31.362467866323907,12.389380530973451
10458,Bronx County,NY,6.896551724137931,NA,NA,7.964601769911504
10460,Bronx County,NY,NA,NA,NA,48.23008849557522
10466,Bronx County,NY,NA,NA,5.912596401028278,NA
10467,Bronx County,NY,11.494252873563218,NA,0.7712082262210797,NA
10468,Bronx County,NY,NA,NA,6.683804627249357,NA
10469,Bronx County,NY,12.643678160919542,NA,13.367609254498714,NA
10472,Bronx County,NY,5.747126436781609,NA,5.3984575835475574,NA
10473,Bronx County,NY,NA,10.505836575875486,11.825192802056556,78.31858407079646
10474,Bronx County,NY,62.06896551724138,NA,NA,NA
10475,Bronx County,NY,NA,38.13229571984436,NA,NA
10941,Orange County,NY,NA,97.66536964980544,NA,80.97345132743364
11040,Nassau County,NY,NA,NA,NA,33.1858407079646
11201,Kings County,NY,64.36781609195403,32.68482490272373,NA,NA
11205,Kings County,NY,39.6551724137931,25.291828793774318,29.82005141388175,NA
11206,Kings County,NY,15.517241379310345,NA,NA,NA
11211,Kings County,NY,NA,NA,27.249357326478147,NA
11212,Kings County,NY,NA,NA,2.313624678663239,NA
11214,Kings County,NY,23.563218390804597,NA,NA,9.29203539823009
11216,Kings County,NY,44.827586206896555,NA,14.395886889460154,NA
11218,Kings County,NY,18.96551724137931,NA,NA,NA
11220,Kings County,NY,0.5747126436781609,NA,NA,NA
11221,Kings County,NY,9.770114942528735,NA,NA,NA
11222,Kings County,NY,NA,NA,72.75064267352185,NA
11232,Kings County,NY,10.919540229885058,NA,NA,NA
11234,Kings County,NY,NA,NA,50.6426735218509,NA
11236,Kings County,NY,24.71264367816092,NA,14.910025706940875,NA
11237,Kings County,NY,64.9425287356322,NA,NA,NA
11239,Kings County,NY,NA,NA,NA,40.26548672566372
11368,Queens County,NY,NA,17.898832684824903,NA,NA
11369,Queens County,NY,34.48275862068966,NA,NA,NA
11370,Queens County,NY,NA,NA,71.97943444730078,NA
11372,Queens County,NY,17.24137931034483,NA,NA,10.619469026548673
11373,Queens County,NY,NA,27.237354085603112,NA,NA
11385,Queens County,NY,40.804597701149426,NA,18.50899742930591,NA
11421,Queens County,NY,NA,NA,64.26735218508998,NA
11429,Queens County,NY,NA,NA,38.56041131105398,NA
11432,Queens County,NY,NA,39.29961089494164,NA,NA
11433,Queens County,NY,NA,NA,NA,34.070796460176986
11520,Nassau County,NY,NA,44.3579766536965,NA,NA
12203,Albany County,NY,NA,NA,81.74807197943444,NA
12498,Ulster County,NY,NA,NA,98.7146529562982,NA
13035,Madison County,NY,NA,NA,82.77634961439588,NA
13104,Onondaga County,NY,NA,62.64591439688716,NA,NA
13219,Onondaga County,NY,NA,NA,58.09768637532133,NA
13326,Otsego County,NY,NA,81.32295719844358,NA,NA
13367,Lewis County,NY,NA,NA,70.95115681233933,NA
13732,Tioga County,NY,NA,NA,49.3573264781491,NA
13820,Otsego County,NY,NA,68.48249027237354,13.110539845758353,NA
13856,Delaware County,NY,NA,NA,43.958868894601544,NA
14468,Monroe County,NY,NA,NA,30.334190231362467,NA
14504,Ontario County,NY,NA,NA,98.45758354755783,NA
14606,Monroe County,NY,NA,8.171206225680933,NA,NA
14621,Monroe County,NY,NA,1.9455252918287937,7.197943444730077,NA
14622,Monroe County,NY,NA,NA,27.506426735218508,NA
14624,Monroe County,NY,NA,NA,6.169665809768637,NA
14701,Chautauqua County,NY,NA,NA,5.655526992287918,NA
14845,Chemung County,NY,NA,NA,35.732647814910024,NA
27023,Forsyth County,NC,NA,NA,66.32390745501286,NA
27103,Forsyth County,NC,NA,NA,15.424164524421593,0.8849557522123894
27104,Forsyth County,NC,NA,NA,11.568123393316196,NA
27105,Forsyth County,NC,NA,NA,NA,42.47787610619469
27106,Forsyth County,NC,NA,NA,NA,15.04424778761062
27344,Chatham County,NC,NA,NA,NA,54.424778761061944
27403,Guilford County,NC,NA,NA,77.12082262210797,NA
27516,Orange County,NC,NA,NA,52.69922879177378,NA
27614,Wake County,NC,NA,NA,NA,51.76991150442478
27703,Durham County,NC,26.436781609195403,NA,NA,NA
27705,Durham County,NC,NA,34.24124513618677,20.051413881748072,NA
27712,Durham County,NC,NA,NA,NA,43.36283185840708
28144,Rowan County,NC,NA,NA,77.6349614395887,NA
28227,Mecklenburg County,NC,NA,31.517509727626457,NA,NA
28352,Scotland County,NC,NA,38.91050583657588,NA,NA
28403,New Hanover County,NC,NA,NA,63.239074550128535,NA
28405,New Hanover County,NC,NA,NA,37.789203084832906,NA
28412,New Hanover County,NC,NA,NA,NA,32.743362831858406
28555,Onslow County,NC,NA,NA,94.08740359897172,NA
28645,Caldwell County,NC,NA,NA,2.056555269922879,NA
28719,Jackson County,NC,31.03448275862069,NA,70.4370179948586,NA
28779,Jackson County,NC,NA,69.26070038910505,NA,NA
28804,Buncombe County,NC,NA,88.715953307393,NA,NA
58078,Cass County,ND,31.60919540229885,NA,NA,60.17699115044248
58103,Cass County,ND,25.287356321839084,59.143968871595334,28.020565552699228,1.7699115044247788
58104,Cass County,ND,NA,NA,72.49357326478149,NA
58201,Grand Forks County,ND,NA,NA,NA,2.6548672566371683
58329,Rolette County,ND,NA,98.44357976653697,NA,NA
58701,Ward County,ND,NA,NA,15.681233933161954,NA
58703,Ward County,ND,NA,NA,NA,29.20353982300885
43015,Delaware County,OH,NA,NA,12.339331619537274,NA
43026,Franklin County,OH,10.344827586206897,NA,NA,52.654867256637175
43055,Licking County,OH,NA,NA,37.53213367609254,29.646017699115045
43085,Franklin County,OH,NA,75.4863813229572,NA,NA
43119,Franklin County,OH,NA,36.964980544747085,NA,NA
43206,Franklin County,OH,NA,NA,NA,68.14159292035397
43207,Franklin County,OH,NA,24.5136186770428,NA,NA
43211,Franklin County,OH,22.413793103448278,NA,39.588688946015424,NA
43213,Franklin County,OH,22.988505747126435,21.40077821011673,NA,NA
43219,Franklin County,OH,20.689655172413794,55.6420233463035,NA,44.690265486725664
43221,Franklin County,OH,NA,75.87548638132296,NA,NA
43224,Franklin County,OH,NA,14.007782101167315,NA,NA
43227,Franklin County,OH,8.620689655172415,NA,NA,NA
43228,Franklin County,OH,6.321839080459771,NA,NA,NA
43232,Franklin County,OH,54.59770114942529,NA,57.0694087403599,NA
43235,Franklin County,OH,53.44827586206896,NA,NA,NA
43614,Lucas County,OH,NA,NA,18.251928020565554,NA
43615,Lucas County,OH,27.011494252873565,NA,NA,NA
43950,Belmont County,OH,NA,NA,57.84061696658098,NA
44001,Lorain County,OH,NA,NA,8.483290488431876,NA
44012,Lorain County,OH,NA,NA,12.596401028277635,9.734513274336283
44022,Cuyahoga County,OH,NA,NA,NA,25.221238938053098
44023,Geauga County,OH,NA,NA,50.899742930591266,NA
44035,Lorain County,OH,NA,NA,6.426735218508997,NA
44039,Lorain County,OH,NA,18.28793774319066,NA,NA
44052,Lorain County,OH,NA,28.404669260700388,NA,NA
44053,Lorain County,OH,NA,NA,10.539845758354756,NA
44054,Lorain County,OH,NA,NA,45.24421593830334,NA
44060,Lake County,OH,NA,NA,NA,0.4424778761061947
44070,Cuyahoga County,OH,NA,35.40856031128405,10.282776349614396,5.752212389380531
44089,Erie County,OH,NA,NA,NA,47.34513274336283
44090,Lorain County,OH,NA,NA,50.38560411311054,NA
44092,Lake County,OH,NA,53.69649805447471,NA,NA
44104,Cuyahoga County,OH,16.666666666666664,NA,80.719794344473,NA
44105,Cuyahoga County,OH,NA,2.3346303501945527,1.0282776349614395,65.929203539823
44106,Cuyahoga County,OH,NA,NA,21.59383033419023,NA
44108,Cuyahoga County,OH,NA,9.33852140077821,NA,NA
44109,Cuyahoga County,OH,NA,NA,4.884318766066838,NA
44111,Cuyahoga County,OH,NA,5.058365758754864,28.53470437017995,NA
44114,Cuyahoga County,OH,NA,74.70817120622569,NA,NA
44121,Cuyahoga County,OH,NA,21.011673151750973,NA,NA
44122,Cuyahoga County,OH,86.20689655172413,NA,NA,NA
44124,Cuyahoga County,OH,NA,NA,NA,39.823008849557525
44126,Cuyahoga County,OH,61.49425287356321,NA,NA,NA
44128,Cuyahoga County,OH,NA,NA,5.141388174807198,NA
44133,Cuyahoga County,OH,NA,NA,20.308483290488432,12.831858407079647
44134,Cuyahoga County,OH,NA,18.67704280155642,6.940874035989718,NA
44135,Cuyahoga County,OH,44.252873563218394,NA,NA,NA
44137,Cuyahoga County,OH,NA,NA,NA,32.30088495575221
44138,Cuyahoga County,OH,NA,NA,68.63753213367609,NA
44144,Cuyahoga County,OH,NA,24.90272373540856,NA,NA
44149,Cuyahoga County,OH,NA,NA,24.42159383033419,NA
44221,Summit County,OH,NA,NA,24.93573264781491,NA
44224,Summit County,OH,NA,NA,15.167095115681233,NA
44230,Wayne County,OH,NA,NA,86.37532133676092,NA
44305,Summit County,OH,NA,27.626459143968873,NA,NA
44306,Summit County,OH,NA,NA,NA,81.85840707964603
44310,Summit County,OH,71.83908045977012,22.56809338521401,NA,NA
44312,Summit County,OH,28.160919540229884,NA,NA,NA
44314,Summit County,OH,21.839080459770116,NA,NA,NA
44320,Summit County,OH,NA,NA,79.69151670951156,NA
44333,Summit County,OH,NA,NA,NA,44.24778761061947
45015,Butler County,OH,52.29885057471264,NA,NA,NA
45044,Butler County,OH,32.758620689655174,NA,NA,NA
45066,Warren County,OH,91.95402298850574,NA,NA,NA
45102,Clermont County,OH,74.71264367816092,NA,NA,NA
45202,Hamilton County,OH,62.643678160919535,NA,NA,NA
45207,Hamilton County,OH,62.643678160919535,NA,NA,NA
45211,Hamilton County,OH,NA,20.622568093385212,NA,NA
45212,Hamilton County,OH,NA,NA,NA,76.10619469026548
45214,Hamilton County,OH,51.14942528735632,NA,NA,NA
45220,Hamilton County,OH,NA,96.10894941634241,NA,NA
45229,Hamilton County,OH,NA,NA,38.04627249357326,NA
45230,Hamilton County,OH,NA,63.81322957198443,NA,NA
45231,Hamilton County,OH,7.471264367816093,NA,NA,NA
45237,Hamilton County,OH,57.47126436781609,NA,NA,NA
45239,Hamilton County,OH,NA,28.793774319066145,NA,NA
45241,Hamilton County,OH,78.16091954022988,NA,NA,NA
45244,Hamilton County,OH,NA,61.86770428015564,NA,NA
45356,Miami County,OH,NA,NA,19.28020565552699,NA
45373,Miami County,OH,NA,16.731517509727624,NA,NA
45417,Montgomery County,OH,13.793103448275861,NA,NA,NA
45426,Montgomery County,OH,NA,NA,43.44473007712082,NA
45431,Montgomery County,OH,NA,NA,62.724935732647815,NA
45623,Gallia County,OH,NA,NA,97.68637532133675,NA
45651,Vinton County,OH,73.5632183908046,NA,NA,NA
45701,Athens County,OH,NA,73.15175097276264,NA,NA
73005,Caddo County,OK,56.896551724137936,NA,NA,NA
73071,Cleveland County,OK,NA,NA,22.10796915167095,NA
73080,McClain County,OK,90.22988505747126,NA,NA,NA
73086,Murray County,OK,NA,NA,71.46529562982005,NA
73099,Canadian County,OK,NA,NA,11.311053984575835,NA
73107,Oklahoma County,OK,NA,NA,53.470437017994854,NA
73446,Marshall County,OK,NA,NA,NA,88.05309734513274
73460,Johnston County,OK,NA,90.27237354085604,NA,NA
73533,Stephens County,OK,NA,NA,20.565552699228792,NA
73601,Custer County,OK,78.16091954022988,NA,NA,NA
74127,Tulsa County,OK,55.172413793103445,NA,NA,NA
74301,Craig County,OK,NA,NA,81.49100257069408,NA
74352,Mayes County,OK,NA,92.60700389105058,NA,93.36283185840708
74432,McIntosh County,OK,89.65517241379311,NA,57.326478149100254,NA
74434,Muskogee County,OK,NA,NA,88.68894601542416,NA
74441,Cherokee County,OK,NA,NA,NA,95.57522123893806
74462,Haskell County,OK,NA,NA,89.20308483290489,NA
74464,Cherokee County,OK,NA,NA,NA,46.017699115044245
74501,Pittsburg County,OK,48.275862068965516,61.478599221789885,53.98457583547558,41.5929203539823
74525,Atoka County,OK,NA,NA,86.63239074550128,NA
74601,Kay County,OK,NA,NA,64.78149100257069,NA
74728,McCurtain County,OK,67.24137931034483,NA,88.94601542416453,82.30088495575221
74745,McCurtain County,OK,79.3103448275862,NA,NA,NA
74820,Pontotoc County,OK,NA,NA,NA,27.876106194690266
74849,Seminole County,OK,NA,100,NA,NA
74948,Sequoyah County,OK,NA,NA,84.57583547557842,92.47787610619469
74953,Le Flore County,OK,NA,NA,84.31876606683805,90.2654867256637
74955,Sequoyah County,OK,NA,NA,64.01028277634961,NA
74960,Adair County,OK,NA,NA,NA,71.68141592920354
74966,Le Flore County,OK,NA,NA,93.05912596401028,NA
97007,Washington County,OR,NA,46.30350194552529,NA,NA
97080,Multnomah County,OR,NA,NA,29.30591259640103,NA
97113,Washington County,OR,NA,NA,NA,76.99115044247787
97141,Tillamook County,OR,NA,NA,NA,76.54867256637168
97202,Multnomah County,OR,NA,NA,56.81233933161953,NA
97403,Lane County,OR,NA,NA,NA,100
97601,Klamath County,OR,NA,NA,18.76606683804627,NA
15120,Allegheny County,PA,90.80459770114942,NA,NA,NA
15237,Allegheny County,PA,NA,NA,32.64781491002571,NA
15801,Clearfield County,PA,NA,NA,NA,3.982300884955752
16055,Butler County,PA,NA,NA,NA,72.56637168141593
16866,Centre County,PA,NA,NA,NA,58.4070796460177
17003,Lebanon County,PA,NA,NA,85.08997429305913,NA
17018,Dauphin County,PA,NA,NA,100,NA
17022,Lancaster County,PA,NA,NA,NA,57.9646017699115
17033,Dauphin County,PA,NA,44.74708171206226,NA,28.31858407079646
17044,Mifflin County,PA,NA,NA,14.138817480719796,NA
17046,Lebanon County,PA,NA,21.78988326848249,33.41902313624679,NA
17050,Cumberland County,PA,NA,NA,16.966580976863753,NA
17055,Cumberland County,PA,NA,NA,23.39331619537275,NA
17078,Lebanon County,PA,NA,29.961089494163424,NA,7.079646017699115
17111,Dauphin County,PA,NA,NA,62.46786632390745,NA
17331,York County,PA,NA,NA,3.5989717223650386,NA
17745,Clinton County,PA,NA,52.14007782101168,NA,NA
17815,Columbia County,PA,NA,NA,17.994858611825194,19.02654867256637
17872,Northumberland County,PA,NA,NA,NA,53.98230088495575
17963,Schuylkill County,PA,NA,NA,NA,86.72566371681415
18504,Lackawanna County,PA,NA,42.80155642023346,NA,NA
18612,Luzerne County,PA,NA,NA,55.78406169665809,NA
18641,Luzerne County,PA,99.42528735632183,NA,NA,NA
18702,Luzerne County,PA,60.3448275862069,NA,NA,NA
18704,Luzerne County,PA,NA,57.58754863813229,NA,NA
18914,Bucks County,PA,NA,89.49416342412452,NA,NA
18940,Bucks County,PA,NA,NA,48.0719794344473,NA
19018,Delaware County,PA,NA,NA,NA,66.8141592920354
19063,Delaware County,PA,NA,33.85214007782101,NA,NA
19066,Montgomery County,PA,NA,NA,NA,85.39823008849558
19118,Philadelphia County,PA,NA,NA,82.26221079691517,NA
19312,Chester County,PA,NA,NA,55.26992287917738,NA
19403,Montgomery County,PA,NA,NA,NA,7.52212389380531
02911,Providence County,RI,NA,NA,65.03856041131105,NA
02920,Providence County,RI,NA,NA,23.39331619537275,NA
29036,Lexington County,SC,NA,NA,79.94858611825192,NA
29369,Spartanburg County,SC,NA,79.37743190661479,NA,NA
29405,Charleston County,SC,41.37931034482759,NA,NA,NA
29412,Charleston County,SC,NA,NA,31.10539845758355,NA
29414,Charleston County,SC,NA,NA,NA,36.72566371681416
29569,Horry County,SC,NA,NA,67.3521850899743,NA
29690,Greenville County,SC,NA,80.54474708171206,NA,NA
29710,York County,SC,NA,NA,85.60411311053984,NA
29902,Beaufort County,SC,NA,NA,74.55012853470437,NA
29906,Beaufort County,SC,94.82758620689656,NA,NA,NA
29920,Beaufort County,SC,NA,NA,69.1516709511568,NA
57069,Clay County,SD,NA,91.43968871595331,NA,NA
57625,Dewey County,SD,92.52873563218391,NA,NA,NA
57701,Pennington County,SD,NA,78.21011673151752,NA,NA
57783,Lawrence County,SD,NA,79.76653696498055,NA,NA
37221,Davidson County,TN,NA,NA,NA,40.707964601769916
37659,Washington County,TN,NA,49.80544747081712,NA,NA
75019,Dallas County,TX,NA,NA,NA,80.53097345132744
75092,Grayson County,TX,NA,NA,85.8611825192802,NA
75211,Dallas County,TX,NA,31.1284046692607,NA,NA
75401,Hunt County,TX,72.41379310344827,NA,NA,NA
75491,Grayson County,TX,NA,NA,95.88688946015425,NA
75654,Rusk County,TX,NA,NA,NA,87.16814159292035
75703,Smith County,TX,NA,NA,9.511568123393316,NA
75707,Smith County,TX,NA,NA,59.6401028277635,NA
75752,Henderson County,TX,NA,NA,86.88946015424165,NA
75783,Wood County,TX,NA,NA,37.01799485861182,NA
75803,Anderson County,TX,NA,NA,85.34704370179949,NA
75948,Sabine County,TX,NA,NA,83.29048843187661,NA
76012,Tarrant County,TX,NA,58.36575875486382,NA,NA
76020,Tarrant County,TX,NA,NA,36.246786632390744,NA
76049,Hood County,TX,NA,NA,29.048843187660665,NA
76182,Tarrant County,TX,NA,NA,NA,62.83185840707964
76240,Cooke County,TX,NA,NA,NA,59.29203539823009
76273,Grayson County,TX,NA,NA,NA,99.5575221238938
76574,Williamson County,TX,NA,NA,65.55269922879178,NA
76634,Bosque County,TX,NA,NA,NA,69.46902654867256
76657,McLennan County,TX,NA,NA,NA,96.46017699115043
76705,McLennan County,TX,NA,30.739299610894943,NA,NA
76706,McLennan County,TX,NA,47.47081712062256,NA,NA
76708,McLennan County,TX,NA,NA,NA,24.336283185840706
76710,McLennan County,TX,NA,NA,NA,18.58407079646018
76711,McLennan County,TX,NA,NA,NA,91.5929203539823
76904,Tom Green County,TX,NA,73.54085603112841,NA,NA
77004,Harris County,TX,NA,NA,51.41388174807198,NA
77019,Harris County,TX,NA,79.76653696498055,NA,NA
77033,Harris County,TX,NA,NA,26.99228791773779,NA
77047,Harris County,TX,NA,68.8715953307393,NA,NA
77048,Harris County,TX,NA,80.93385214007782,NA,NA
77070,Harris County,TX,NA,NA,33.16195372750643,NA
77093,Harris County,TX,NA,53.30739299610895,NA,NA
77396,Harris County,TX,NA,NA,NA,83.6283185840708
77584,Brazoria County,TX,NA,NA,30.59125964010283,NA
77845,Brazos County,TX,NA,NA,9.254498714652955,NA
78211,Bexar County,TX,14.367816091954023,NA,NA,NA
78504,Hidalgo County,TX,NA,NA,52.185089974293064,NA
78578,Cameron County,TX,NA,NA,92.2879177377892,NA
78945,Fayette County,TX,NA,NA,NA,77.87610619469027
79412,Lubbock County,TX,NA,NA,NA,81.41592920353983
84047,Salt Lake County,UT,NA,NA,53.213367609254504,NA
84060,Summit County,UT,NA,NA,92.54498714652956,NA
84070,Salt Lake County,UT,NA,NA,68.12339331619538,NA
84074,Tooele County,UT,NA,NA,30.848329048843187,NA
84093,Salt Lake County,UT,NA,NA,59.12596401028277,NA
84096,Salt Lake County,UT,NA,NA,68.89460154241645,NA
84104,Salt Lake County,UT,NA,NA,NA,68.58407079646017
84107,Salt Lake County,UT,NA,NA,51.156812339331616,NA
84109,Salt Lake County,UT,NA,75.09727626459144,NA,NA
84116,Salt Lake County,UT,NA,NA,NA,53.09734513274337
84120,Salt Lake County,UT,NA,43.190661478599225,NA,NA
84121,Salt Lake County,UT,NA,NA,24.164524421593832,NA
84403,Weber County,UT,NA,NA,90.48843187660668,NA
05091,Windsor County,VT,NA,NA,97.17223650385604,NA
05602,Washington County,VT,NA,NA,NA,55.309734513274336
22901,Albemarle County,VA,NA,NA,34.96143958868895,NA
22903,Charlottesville city,VA,NA,NA,28.79177377892031,NA
22960,Orange County,VA,NA,NA,70.4370179948586,NA
23666,Hampton city,VA,NA,NA,17.480719794344473,NA
24112,Henry County,VA,NA,NA,NA,34.51327433628318
24522,Appomattox County,VA,NA,87.93774319066148,NA,NA
98031,King County,WA,NA,NA,23.13624678663239,NA
98036,Snohomish County,WA,NA,NA,46.7866323907455,NA
98053,King County,WA,NA,NA,NA,54.86725663716814
98112,King County,WA,NA,NA,73.7789203084833,NA
98115,King County,WA,NA,NA,33.67609254498715,NA
98125,King County,WA,NA,NA,41.38817480719794,NA
98144,King County,WA,NA,40.856031128404666,NA,NA
98146,King County,WA,95.40229885057471,NA,NA,NA
98155,King County,WA,NA,NA,NA,45.57522123893805
98208,Snohomish County,WA,NA,33.07392996108949,NA,NA
98801,Chelan County,WA,87.356321839080465,37.35408560311284,13.624678663239074,NA
98802,Douglas County,WA,97.70114942528735,NA,73.00771208226222,NA
98926,Kittitas County,WA,NA,NA,41.645244215938305,NA
99336,Benton County,WA,NA,NA,4.370179948586118,NA
99362,Walla Walla County,WA,67.24137931034483,NA,NA,NA
25177,Kanawha County,WV,NA,26.459143968871597,NA,NA
26501,Monongalia County,WV,NA,NA,NA,43.80530973451327
26508,Monongalia County,WV,NA,11.284046692607005,NA,NA
53033,Washington County,WI,NA,99.61089494163424,NA,NA
53045,Waukesha County,WI,NA,89.10505836575877,NA,NA
53066,Waukesha County,WI,NA,NA,19.794344473007712,NA
53092,Ozaukee County,WI,NA,NA,NA,20.79646017699115
53095,Washington County,WI,NA,NA,26.47814910025707,NA
53147,Walworth County,WI,NA,NA,NA,56.19469026548673
53151,Waukesha County,WI,NA,NA,87.91773778920309,NA
53188,Waukesha County,WI,83.9080459770115,NA,NA,35.39823008849557
53205,Milwaukee County,WI,NA,7.782101167315175,NA,NA
53216,Milwaukee County,WI,NA,NA,26.221079691516707,NA
53220,Milwaukee County,WI,NA,NA,NA,19.911504424778762
53221,Milwaukee County,WI,49.42528735632184,NA,NA,NA
53511,Rock County,WI,NA,NA,0.5141388174807198,NA
53534,Rock County,WI,NA,NA,NA,69.02654867256636
53546,Rock County,WI,NA,NA,8.997429305912597,NA
53548,Rock County,WI,NA,NA,34.447300771208226,30.973451327433626
53563,Rock County,WI,NA,NA,50.128534704370175,NA
53566,Green County,WI,NA,NA,62.724935732647815,NA
53575,Dane County,WI,NA,NA,79.43444730077121,NA
53590,Dane County,WI,NA,NA,48.58611825192802,NA
53593,Dane County,WI,NA,NA,55.52699228791774,NA
53703,Dane County,WI,NA,85.60311284046692,NA,NA
53704,Dane County,WI,59.195402298850574,NA,NA,NA
53705,Dane County,WI,NA,NA,53.72750642673522,51.32743362831859
53711,Dane County,WI,NA,45.91439688715953,NA,92.03539823008849
53713,Dane County,WI,NA,65.36964980544747,NA,78.76106194690266
53716,Dane County,WI,NA,82.10116731517509,NA,NA
53718,Dane County,WI,NA,NA,NA,71.23893805309734
53719,Dane County,WI,89.08045977011494,NA,NA,66.3716814159292
53948,Juneau County,WI,NA,NA,75.32133676092545,NA
54455,Marathon County,WI,NA,NA,NA,79.64601769911505
54457,Wood County,WI,98.27586206896551,NA,NA,NA
54601,La Crosse County,WI,NA,41.63424124513619,36.760925449871465,42.92035398230089
54615,Jackson County,WI,NA,NA,NA,98.23008849557522
54636,La Crosse County,WI,NA,NA,58.86889460154242,61.94690265486725
54650,La Crosse County,WI,NA,66.53696498054474,91.77377892030847,67.69911504424779
54656,Monroe County,WI,76.4367816091954,NA,NA,25.663716814159294
54669,La Crosse County,WI,NA,NA,56.29820051413882,NA
54880,Douglas County,WI,NA,NA,32.904884318766065,1.3274336283185841
