ZipCode,county,state,Youth,Pediatric,Adult,Retirement,Geriatric
35016,Marshall County,AL,66.05042016806722,NA,NA,NA,NA
35045,Chilton County,AL,NA,NA,67.435897435897445,NA,NA
35121,Blount County,AL,NA,NA,NA,53.47222222222222,NA
35151,Talladega County,AL,92.26890756302521,NA,NA,NA,NA
35160,Talladega County,AL,7.73109243697479,NA,NA,NA,NA
35242,Shelby County,AL,41.17647058823529,NA,NA,NA,9.036144578313253
35244,Jefferson County,AL,61.00840336134454,NA,NA,NA,NA
35616,Colbert County,AL,NA,NA,97.6923076923077,NA,NA
35670,Morgan County,AL,NA,92.65306122448979,NA,NA,NA
35758,Madison County,AL,NA,NA,NA,42.01388888888889,NA
35901,Etowah County,AL,39.15966386554622,NA,NA,NA,NA
36203,Calhoun County,AL,51.26050420168067,NA,NA,NA,NA
36272,Calhoun County,AL,69.5798319327731,NA,NA,NA,NA
36303,Houston County,AL,28.907563025210088,NA,NA,NA,NA
36330,Coffee County,AL,NA,NA,53.84615384615385,NA,NA
36521,Mobile County,AL,NA,NA,NA,99.65277777777779,NA
36535,Baldwin County,AL,NA,NA,77.6923076923077,NA,NA
36545,Clarke County,AL,89.91596638655463,NA,NA,NA,NA
36561,Baldwin County,AL,NA,NA,NA,84.72222222222221,NA
36575,Mobile County,AL,NA,NA,64.35897435897436,NA,NA
36582,Mobile County,AL,62.857142857142854,NA,NA,NA,NA
36604,Mobile County,AL,85.54621848739495,NA,NA,NA,NA
99503,Anchorage Municipality,AK,85.21008403361344,NA,NA,NA,NA
99508,Anchorage Municipality,AK,NA,NA,NA,NA,60.8433734939759
99615,Kodiak Island Borough,AK,NA,NA,85.64102564102564,NA,NA
99645,Matanuska-Susitna Borough,AK,17.81512605042017,NA,NA,NA,NA
99705,Fairbanks North Star Borough,AK,NA,67.3469387755102,NA,NA,NA
99801,Juneau City and Borough,AK,67.22689075630252,NA,NA,NA,NA
99835,Sitka City and Borough,AK,NA,97.95918367346938,NA,79.51388888888889,NA
85019,Maricopa County,AZ,NA,NA,NA,89.93055555555556,NA
85022,Maricopa County,AZ,NA,NA,NA,NA,53.6144578313253
85023,Maricopa County,AZ,26.722689075630253,NA,NA,NA,NA
85028,Maricopa County,AZ,NA,NA,NA,63.541666666666664,NA
85032,Maricopa County,AZ,NA,37.95918367346939,NA,NA,NA
85035,Maricopa County,AZ,45.04201680672269,NA,NA,NA,NA
85048,Maricopa County,AZ,29.915966386554622,NA,NA,NA,NA
85053,Maricopa County,AZ,NA,NA,53.333333333333336,NA,NA
85086,Maricopa County,AZ,NA,NA,47.179487179487175,NA,NA
85122,Pinal County,AZ,4.705882352941177,NA,NA,NA,NA
85131,Pinal County,AZ,75.12605042016807,NA,NA,NA,NA
85226,Maricopa County,AZ,NA,85.71428571428571,NA,NA,NA
85248,Maricopa County,AZ,49.2436974789916,NA,NA,32.98611111111111,NA
85250,Maricopa County,AZ,NA,NA,NA,87.15277777777779,NA
85251,Maricopa County,AZ,NA,NA,46.41025641025641,NA,NA
85283,Maricopa County,AZ,NA,NA,56.666666666666664,NA,NA
85365,Yuma County,AZ,NA,74.28571428571429,NA,NA,NA
85367,Yuma County,AZ,99.66386554621849,NA,NA,NA,NA
85653,Pima County,AZ,NA,23.26530612244898,NA,NA,NA
85710,Pima County,AZ,NA,NA,NA,18.055555555555554,NA
85716,Pima County,AZ,38.991596638655466,NA,22.82051282051282,NA,NA
85741,Pima County,AZ,NA,NA,70,NA,NA
86001,Coconino County,AZ,3.361344537815126,NA,NA,NA,NA
86326,Yavapai County,AZ,NA,NA,NA,59.375,NA
86406,Mohave County,AZ,93.61344537815125,NA,81.7948717948718,NA,NA
86503,Apache County,AZ,NA,NA,73.07692307692307,NA,NA
71923,Clark County,AR,NA,NA,86.15384615384616,NA,NA
72113,Pulaski County,AR,NA,NA,76.15384615384615,NA,NA
72116,Pulaski County,AR,NA,NA,76.15384615384615,NA,NA
72117,Pulaski County,AR,NA,NA,59.48717948717949,NA,NA
72120,Pulaski County,AR,NA,NA,NA,19.09722222222222,46.3855421686747
72543,Cleburne County,AR,NA,NA,89.74358974358975,NA,NA
72712,Benton County,AR,42.18487394957983,NA,NA,NA,NA
72949,Franklin County,AR,NA,NA,NA,96.52777777777779,NA
90001,Los Angeles County,CA,83.69747899159664,NA,NA,NA,NA
90011,Los Angeles County,CA,NA,9.795918367346939,NA,NA,NA
90032,Los Angeles County,CA,30.084033613445378,NA,NA,NA,NA
90034,Los Angeles County,CA,77.14285714285715,NA,NA,NA,NA
90042,Los Angeles County,CA,NA,NA,59.23076923076923,NA,NA
90057,Los Angeles County,CA,53.78151260504202,NA,NA,NA,NA
90069,Los Angeles County,CA,NA,NA,60.76923076923077,NA,NA
90250,Los Angeles County,CA,NA,20.408163265306122,NA,NA,NA
90270,Los Angeles County,CA,NA,69.38775510204081,NA,NA,NA
90280,Los Angeles County,CA,NA,21.224489795918366,NA,NA,NA
90302,Los Angeles County,CA,NA,NA,93.33333333333333,NA,NA
90501,Los Angeles County,CA,96.47058823529412,NA,NA,NA,NA
90621,Orange County,CA,NA,NA,93.58974358974359,NA,NA
90732,Los Angeles County,CA,NA,NA,NA,66.31944444444444,NA
90755,Los Angeles County,CA,NA,NA,97.17948717948718,NA,NA
90805,Los Angeles County,CA,NA,NA,22.30769230769231,NA,NA
90808,Los Angeles County,CA,NA,NA,NA,NA,40.963855421686745
90813,Los Angeles County,CA,NA,NA,NA,50,NA
91007,Los Angeles County,CA,NA,NA,NA,84.375,NA
91205,Los Angeles County,CA,88.57142857142857,NA,NA,NA,NA
91206,Los Angeles County,CA,NA,NA,NA,56.59722222222222,NA
91306,Los Angeles County,CA,52.10084033613446,NA,NA,NA,NA
91321,Los Angeles County,CA,NA,NA,74.35897435897436,NA,NA
91325,Los Angeles County,CA,NA,NA,80.51282051282051,NA,NA
91331,Los Angeles County,CA,33.94957983193277,NA,NA,NA,NA
91344,Los Angeles County,CA,NA,NA,NA,61.111111111111114,NA
91384,Los Angeles County,CA,NA,NA,94.35897435897435,NA,NA
91506,Los Angeles County,CA,NA,NA,NA,NA,81.92771084337349
91604,Los Angeles County,CA,NA,NA,NA,NA,48.795180722891565
91740,Los Angeles County,CA,NA,NA,NA,NA,63.85542168674698
91754,Los Angeles County,CA,NA,NA,89.48717948717949,NA,NA
91765,Los Angeles County,CA,NA,NA,71.53846153846153,NA,NA
91941,San Diego County,CA,NA,NA,NA,78.125,NA
92020,San Diego County,CA,NA,NA,28.205128205128204,NA,NA
92040,San Diego County,CA,47.39495798319327,NA,NA,NA,NA
92056,San Diego County,CA,NA,58.36734693877551,NA,NA,NA
92101,San Diego County,CA,NA,NA,NA,12.152777777777777,NA
92102,San Diego County,CA,NA,NA,43.84615384615385,NA,NA
92103,San Diego County,CA,NA,NA,NA,51.388888888888886,NA
92116,San Diego County,CA,NA,NA,78.97435897435898,NA,NA
92124,San Diego County,CA,NA,NA,91.28205128205128,NA,NA
92201,Riverside County,CA,NA,NA,62.56410256410256,NA,NA
92211,Riverside County,CA,42.18487394957983,NA,NA,NA,NA
92308,San Bernardino County,CA,NA,NA,NA,29.86111111111111,NA
92376,San Bernardino County,CA,23.19327731092437,NA,NA,17.36111111111111,NA
92395,San Bernardino County,CA,NA,77.14285714285715,NA,NA,NA
92407,San Bernardino County,CA,NA,NA,23.076923076923077,NA,NA
92509,Riverside County,CA,16.80672268907563,NA,29.230769230769234,NA,NA
92592,Riverside County,CA,14.6218487394958,NA,NA,NA,NA
92610,Orange County,CA,NA,NA,NA,95.48611111111111,NA
92627,Orange County,CA,44.03361344537815,NA,NA,NA,NA
92648,Orange County,CA,NA,NA,NA,25.694444444444443,NA
92656,Orange County,CA,30.756302521008404,NA,NA,NA,NA
92663,Orange County,CA,92.60504201680672,NA,NA,NA,NA
92672,Orange County,CA,NA,NA,NA,90.97222222222221,NA
92683,Orange County,CA,NA,NA,90.25641025641026,NA,NA
92694,Orange County,CA,86.38655462184875,NA,NA,NA,NA
92701,Orange County,CA,62.18487394957983,75.10204081632654,NA,NA,NA
92705,Orange County,CA,61.1764705882353,NA,NA,54.513888888888886,NA
92706,Orange County,CA,NA,37.55102040816327,NA,NA,NA
92804,Orange County,CA,NA,NA,NA,21.52777777777778,NA
92805,Orange County,CA,NA,NA,64.87179487179488,NA,NA
92807,Orange County,CA,74.45378151260505,NA,NA,NA,NA
92832,Orange County,CA,59.831932773109244,NA,NA,NA,NA
92844,Orange County,CA,NA,NA,98.71794871794873,NA,NA
93247,Tulare County,CA,NA,NA,82.82051282051283,NA,NA
93304,Kern County,CA,NA,NA,30,NA,NA
93307,Kern County,CA,56.134453781512605,NA,NA,NA,NA
93428,San Luis Obispo County,CA,NA,NA,NA,93.05555555555556,NA
93436,Santa Barbara County,CA,11.092436974789916,NA,NA,NA,NA
93442,San Luis Obispo County,CA,NA,NA,NA,81.59722222222221,NA
93444,San Luis Obispo County,CA,NA,NA,65.38461538461539,NA,NA
93458,Santa Barbara County,CA,NA,6.122448979591836,NA,NA,NA
93465,San Luis Obispo County,CA,NA,NA,NA,87.84722222222221,NA
93505,Kern County,CA,NA,NA,NA,99.30555555555556,NA
93535,Los Angeles County,CA,NA,11.020408163265307,NA,NA,NA
93543,Los Angeles County,CA,NA,NA,90.51282051282051,NA,NA
93635,Merced County,CA,NA,33.46938775510204,NA,NA,NA
93905,Monterey County,CA,NA,NA,43.07692307692308,NA,NA
94010,San Mateo County,CA,NA,NA,96.92307692307692,NA,NA
94015,San Mateo County,CA,NA,NA,51.28205128205128,NA,NA
94025,San Mateo County,CA,55.12605042016807,NA,NA,NA,NA
94063,San Mateo County,CA,NA,60.40816326530612,NA,NA,NA
94080,San Mateo County,CA,NA,84.08163265306122,NA,NA,NA
94089,Santa Clara County,CA,NA,NA,NA,83.68055555555556,NA
94115,San Francisco County,CA,NA,NA,NA,40.27777777777778,NA
94116,San Francisco County,CA,NA,NA,NA,72.22222222222221,NA
94117,San Francisco County,CA,NA,NA,41.28205128205128,NA,NA
94121,San Francisco County,CA,NA,NA,NA,42.70833333333333,NA
94122,San Francisco County,CA,NA,NA,NA,NA,7.83132530120482
94132,San Francisco County,CA,NA,NA,NA,NA,45.18072289156627
94133,San Francisco County,CA,NA,NA,NA,78.81944444444444,NA
94502,Alameda County,CA,98.65546218487395,NA,NA,NA,NA
94509,Contra Costa County,CA,34.78991596638655,NA,NA,NA,NA
94513,Contra Costa County,CA,23.865546218487395,NA,NA,NA,NA
94520,Contra Costa County,CA,NA,NA,NA,87.5,NA
94521,Contra Costa County,CA,72.43697478991596,NA,NA,NA,NA
94541,Alameda County,CA,39.831932773109244,NA,NA,NA,46.98795180722892
94542,Alameda County,CA,NA,NA,92.3076923076923,NA,NA
94546,Alameda County,CA,57.815126050420176,NA,NA,NA,NA
94553,Contra Costa County,CA,NA,NA,NA,31.25,49.39759036144578
94565,Contra Costa County,CA,NA,NA,NA,10.76388888888889,NA
94578,Alameda County,CA,NA,54.285714285714285,NA,NA,NA
94580,Alameda County,CA,90.92436974789916,NA,NA,NA,NA
94589,Solano County,CA,NA,NA,NA,NA,47.59036144578313
94601,Alameda County,CA,NA,NA,52.05128205128206,NA,NA
94602,Alameda County,CA,NA,NA,NA,60.06944444444444,NA
94611,Alameda County,CA,63.36134453781512,NA,NA,NA,NA
94619,Alameda County,CA,NA,73.87755102040816,NA,NA,NA
94621,Alameda County,CA,69.07563025210084,NA,NA,NA,NA
94702,Alameda County,CA,95.12605042016806,NA,NA,NA,NA
94806,Contra Costa County,CA,81.34453781512605,NA,NA,NA,NA
95060,Santa Cruz County,CA,64.70588235294117,NA,NA,NA,NA
95066,Santa Cruz County,CA,NA,NA,NA,NA,87.34939759036145
95070,Santa Clara County,CA,74.11764705882354,NA,NA,NA,NA
95120,Santa Clara County,CA,NA,NA,NA,NA,36.74698795180723
95125,Santa Clara County,CA,NA,NA,NA,23.958333333333336,NA
95127,Santa Clara County,CA,NA,NA,47.69230769230769,NA,NA
95205,San Joaquin County,CA,NA,61.63265306122449,NA,NA,NA
95361,Stanislaus County,CA,94.28571428571428,NA,NA,NA,NA
95367,Stanislaus County,CA,57.310924369747895,NA,NA,NA,NA
95377,San Joaquin County,CA,NA,91.83673469387756,NA,NA,NA
95401,Sonoma County,CA,NA,71.42857142857143,NA,NA,NA
95407,Sonoma County,CA,NA,67.3469387755102,NA,NA,89.1566265060241
95476,Sonoma County,CA,NA,NA,NA,70.48611111111111,NA
95482,Mendocino County,CA,NA,51.83673469387755,NA,NA,NA
95608,Sacramento County,CA,77.81512605042018,NA,NA,NA,NA
95624,Sacramento County,CA,63.69747899159663,NA,NA,NA,NA
95695,Yolo County,CA,NA,NA,NA,82.98611111111111,NA
95747,Placer County,CA,NA,72.24489795918367,NA,NA,12.650602409638553
95820,Sacramento County,CA,NA,NA,NA,42.70833333333333,NA
95831,Sacramento County,CA,NA,NA,86.66666666666667,NA,NA
95833,Sacramento County,CA,87.56302521008404,NA,NA,NA,NA
95834,Sacramento County,CA,80.50420168067227,NA,NA,NA,NA
95838,Sacramento County,CA,73.44537815126051,NA,NA,NA,NA
95842,Sacramento County,CA,NA,NA,NA,74.30555555555556,NA
96021,Tehama County,CA,NA,85.71428571428571,NA,NA,NA
80003,Jefferson County,CO,NA,39.183673469387756,NA,NA,NA
80004,Jefferson County,CO,37.983193277310924,NA,NA,NA,44.57831325301205
80013,Arapahoe County,CO,NA,NA,13.076923076923078,NA,NA
80015,Arapahoe County,CO,5.2100840336134455,NA,NA,NA,57.22891566265061
80021,Jefferson County,CO,34.621848739495796,NA,NA,NA,NA
80113,Arapahoe County,CO,NA,85.3061224489796,NA,NA,NA
80134,Douglas County,CO,7.394957983193278,NA,NA,NA,NA
80138,Douglas County,CO,NA,NA,NA,66.66666666666666,NA
80205,Denver County,CO,NA,39.183673469387756,NA,NA,NA
80214,Jefferson County,CO,NA,NA,48.97435897435897,NA,NA
80218,Denver County,CO,84.2016806722689,NA,NA,NA,NA
80219,Denver County,CO,NA,NA,NA,NA,56.024096385542165
80224,Denver County,CO,NA,NA,NA,NA,55.42168674698795
80233,Adams County,CO,NA,NA,32.30769230769231,NA,NA
80260,Adams County,CO,NA,18.775510204081634,NA,NA,NA
80501,Boulder County,CO,NA,NA,26.410256410256412,NA,NA
80503,Boulder County,CO,NA,NA,NA,56.25,NA
80513,Larimer County,CO,66.72268907563024,NA,NA,NA,NA
80525,Larimer County,CO,47.73109243697479,NA,19.230769230769234,NA,NA
80528,Larimer County,CO,32.436974789915965,NA,NA,NA,NA
80534,Weld County,CO,NA,90.61224489795919,NA,NA,NA
80550,Weld County,CO,26.38655462184874,NA,NA,NA,NA
80603,Weld County,CO,NA,82.44897959183673,NA,NA,NA
80817,El Paso County,CO,65.54621848739495,NA,58.97435897435898,NA,NA
80909,El Paso County,CO,NA,NA,NA,52.77777777777778,NA
80921,El Paso County,CO,NA,NA,87.94871794871794,NA,NA
81212,Fremont County,CO,NA,47.3469387755102,NA,NA,NA
06076,Tolland County,CT,NA,NA,NA,NA,72.28915662650603
06112,Hartford County,CT,NA,NA,21.53846153846154,NA,NA
06248,Tolland County,CT,NA,NA,97.94871794871794,NA,NA
06277,Windham County,CT,73.78151260504202,NA,NA,NA,NA
06424,Middlesex County,CT,78.31932773109244,NA,NA,NA,NA
06484,Fairfield County,CT,NA,NA,40.51282051282051,NA,NA
06492,New Haven County,CT,NA,NA,27.17948717948718,NA,NA
06511,New Haven County,CT,NA,NA,NA,NA,50
06512,New Haven County,CT,NA,NA,NA,24.65277777777778,NA
06519,New Haven County,CT,27.39495798319328,NA,NA,NA,NA
06610,Fairfield County,CT,NA,NA,33.33333333333333,NA,NA
06614,Fairfield County,CT,NA,NA,63.84615384615384,NA,NA
06877,Fairfield County,CT,74.11764705882354,NA,NA,NA,NA
19702,New Castle County,DE,NA,13.877551020408163,NA,NA,NA
19808,New Castle County,DE,31.092436974789916,NA,NA,NA,NA
32084,St. Johns County,FL,54.11764705882353,NA,NA,NA,NA
32128,Volusia County,FL,91.9327731092437,NA,NA,NA,NA
32164,Flagler County,FL,37.142857142857146,NA,NA,NA,NA
32256,Duval County,FL,60.33613445378151,NA,NA,NA,NA
32304,Leon County,FL,NA,NA,NA,NA,96.98795180722891
32305,Leon County,FL,67.56302521008404,NA,NA,NA,93.97590361445783
32351,Gadsden County,FL,NA,NA,87.6923076923077,NA,NA
32446,Jackson County,FL,85.54621848739495,NA,NA,NA,NA
32505,Escambia County,FL,15.46218487394958,NA,NA,NA,NA
32526,Escambia County,FL,NA,NA,NA,NA,10.240963855421686
32580,Okaloosa County,FL,NA,NA,NA,92.36111111111111,NA
32583,Santa Rosa County,FL,NA,42.44897959183673,NA,NA,NA
32607,Alachua County,FL,NA,NA,24.358974358974358,NA,NA
32609,Alachua County,FL,NA,NA,NA,53.125,NA
32615,Alachua County,FL,NA,NA,68.71794871794872,NA,NA
32680,Dixie County,FL,NA,NA,NA,NA,94.57831325301204
32712,Orange County,FL,37.47899159663866,NA,NA,69.44444444444444,NA
32726,Lake County,FL,NA,NA,NA,NA,41.566265060240966
32808,Orange County,FL,3.865546218487395,NA,NA,NA,NA
32810,Orange County,FL,35.79831932773109,NA,NA,NA,NA
32825,Orange County,FL,25.882352941176475,NA,NA,NA,NA
32904,Brevard County,FL,NA,NA,NA,46.875,NA
33010,Miami-Dade County,FL,NA,NA,NA,NA,13.855421686746988
33013,Miami-Dade County,FL,NA,30.612244897959183,NA,NA,NA
33027,Broward County,FL,NA,NA,NA,NA,7.228915662650602
33032,Miami-Dade County,FL,NA,NA,NA,NA,67.46987951807229
33054,Miami-Dade County,FL,NA,NA,NA,NA,73.49397590361446
33055,Miami-Dade County,FL,NA,NA,57.692307692307686,NA,NA
33065,Broward County,FL,24.53781512605042,NA,NA,NA,NA
33076,Broward County,FL,NA,NA,76.92307692307693,67.70833333333334,NA
33126,Miami-Dade County,FL,NA,NA,NA,NA,23.49397590361446
33134,Miami-Dade County,FL,NA,NA,NA,55.90277777777778,NA
33136,Miami-Dade County,FL,NA,NA,NA,NA,83.13253012048193
33156,Miami-Dade County,FL,NA,NA,83.84615384615385,NA,NA
33160,Miami-Dade County,FL,NA,NA,NA,39.23611111111111,NA
33165,Miami-Dade County,FL,30.92436974789916,NA,NA,NA,NA
33169,Miami-Dade County,FL,35.96638655462185,NA,NA,NA,NA
33170,Miami-Dade County,FL,NA,NA,NA,91.31944444444444,NA
33180,Miami-Dade County,FL,81.17647058823529,NA,NA,NA,NA
33181,Miami-Dade County,FL,NA,NA,NA,NA,77.10843373493977
33304,Broward County,FL,NA,NA,NA,67.01388888888889,NA
33322,Broward County,FL,69.41176470588235,NA,NA,NA,NA
33428,Palm Beach County,FL,NA,NA,NA,NA,18.072289156626507
33432,Palm Beach County,FL,NA,NA,NA,NA,89.7590361445783
33436,Palm Beach County,FL,NA,NA,NA,52.083333333333336,NA
33542,Pasco County,FL,NA,NA,NA,NA,80.72289156626506
33604,Hillsborough County,FL,NA,NA,29.743589743589745,NA,NA
33610,Hillsborough County,FL,NA,15.10204081632653,NA,NA,NA
33624,Hillsborough County,FL,66.55462184873949,NA,NA,NA,NA
33705,Pinellas County,FL,NA,NA,34.1025641025641,NA,NA
33765,Pinellas County,FL,76.63865546218489,NA,NA,NA,NA
33801,Polk County,FL,NA,25.71428571428571,NA,NA,NA
33853,Polk County,FL,56.63865546218487,NA,NA,NA,NA
33974,Lee County,FL,30.084033613445378,NA,NA,NA,NA
33993,Lee County,FL,NA,NA,56.41025641025641,NA,NA
34117,Collier County,FL,NA,75.51020408163265,NA,NA,NA
34292,Sarasota County,FL,NA,NA,NA,NA,14.457831325301203
34480,Marion County,FL,NA,NA,NA,80.55555555555556,NA
34610,Pasco County,FL,NA,NA,72.05128205128204,NA,NA
34668,Pasco County,FL,NA,53.46938775510204,NA,NA,NA
34695,Pinellas County,FL,NA,NA,76.66666666666667,NA,NA
34972,Okeechobee County,FL,NA,NA,NA,NA,69.27710843373494
30012,Rockdale County,GA,NA,NA,60.256410256410255,NA,NA
30032,DeKalb County,GA,27.73109243697479,NA,NA,NA,NA
30052,Walton County,GA,NA,43.673469387755105,NA,NA,NA
30076,Fulton County,GA,NA,NA,66.92307692307692,NA,NA
30094,Rockdale County,GA,NA,NA,54.1025641025641,NA,NA
30103,Bartow County,GA,NA,NA,NA,80.90277777777779,NA
30110,Haralson County,GA,58.655462184873954,NA,NA,NA,NA
30125,Polk County,GA,43.69747899159664,NA,NA,NA,NA
30132,Paulding County,GA,33.10924369747899,NA,NA,40.625,NA
30157,Paulding County,GA,NA,42.04081632653061,NA,NA,NA
30161,Floyd County,GA,NA,NA,23.589743589743588,NA,NA
30248,Henry County,GA,75.63025210084034,NA,NA,NA,NA
30263,Coweta County,GA,13.949579831932773,NA,NA,NA,NA
30269,Fayette County,GA,61.1764705882353,NA,NA,NA,NA
30311,Fulton County,GA,NA,NA,NA,75.69444444444444,NA
30315,Fulton County,GA,NA,NA,NA,61.80555555555556,NA
30319,DeKalb County,GA,73.10924369747899,NA,NA,NA,NA
30341,DeKalb County,GA,63.69747899159663,NA,NA,NA,NA
30344,Fulton County,GA,NA,NA,NA,74.65277777777779,NA
30360,DeKalb County,GA,NA,NA,95.38461538461539,NA,NA
30401,Emanuel County,GA,60.67226890756302,NA,NA,NA,NA
30549,Jackson County,GA,55.96638655462185,NA,NA,NA,NA
30605,Clarke County,GA,49.57983193277311,NA,NA,NA,NA
30643,Hart County,GA,NA,NA,69.23076923076923,NA,NA
30655,Walton County,GA,24.03361344537815,NA,NA,NA,NA
30701,Gordon County,GA,22.857142857142858,NA,NA,NA,NA
30815,Richmond County,GA,20.840336134453782,NA,NA,NA,NA
30904,Richmond County,GA,NA,NA,39.23076923076923,56.94444444444444,NA
30906,Richmond County,GA,NA,NA,NA,7.291666666666667,NA
31092,Dooly County,GA,NA,93.87755102040816,NA,NA,NA
31405,Chatham County,GA,NA,NA,NA,NA,37.34939759036144
31407,Chatham County,GA,69.5798319327731,NA,NA,NA,NA
31792,Thomas County,GA,62.6890756302521,NA,NA,NA,NA
31833,Troup County,GA,NA,NA,81.28205128205128,NA,NA
96795,Honolulu County,HI,NA,NA,NA,81.25,NA
96797,Honolulu County,HI,14.957983193277311,NA,NA,NA,NA
96816,Honolulu County,HI,40.84033613445378,NA,NA,NA,NA
96822,Honolulu County,HI,53.445378151260506,NA,NA,NA,NA
83401,Bonneville County,ID,4.201680672268908,NA,NA,NA,NA
83501,Nez Perce County,ID,NA,NA,17.435897435897434,NA,NA
83605,Canyon County,ID,NA,NA,33.589743589743584,NA,NA
83669,Ada County,ID,NA,NA,NA,NA,64.45783132530121
83706,Ada County,ID,NA,NA,NA,25.34722222222222,NA
83709,Ada County,ID,15.966386554621847,NA,NA,NA,NA
83860,Bonner County,ID,99.83193277310924,NA,NA,NA,NA
60012,McHenry County,IL,NA,NA,87.17948717948718,NA,NA
60015,Lake County,IL,NA,NA,65.12820512820512,NA,NA
60016,Cook County,IL,NA,NA,NA,45.83333333333333,NA
60022,Cook County,IL,95.46218487394958,NA,NA,NA,NA
60042,McHenry County,IL,93.10924369747899,NA,NA,NA,NA
60047,Lake County,IL,NA,NA,42.56410256410256,NA,NA
60056,Cook County,IL,26.89075630252101,NA,NA,NA,NA
60068,Cook County,IL,46.554621848739494,NA,NA,NA,NA
60073,Lake County,IL,38.31932773109244,NA,NA,NA,NA
60091,Cook County,IL,NA,NA,NA,24.305555555555554,NA
60093,Cook County,IL,57.815126050420176,NA,NA,NA,NA
60103,DuPage County,IL,NA,NA,NA,27.430555555555557,NA
60107,Cook County,IL,39.49579831932773,NA,NA,NA,NA
60108,DuPage County,IL,NA,NA,64.61538461538461,NA,NA
60118,Kane County,IL,76.63865546218489,NA,NA,67.36111111111111,NA
60126,DuPage County,IL,NA,NA,13.333333333333334,NA,NA
60137,DuPage County,IL,NA,NA,38.97435897435898,NA,NA
60140,Kane County,IL,50.08403361344538,NA,NA,NA,NA
60152,McHenry County,IL,NA,NA,NA,54.166666666666664,NA
60153,Cook County,IL,NA,NA,45.64102564102564,NA,NA
60155,Cook County,IL,NA,NA,NA,NA,74.69879518072288
60175,Kane County,IL,NA,NA,NA,36.80555555555556,NA
60302,Cook County,IL,NA,NA,NA,15.277777777777779,17.46987951807229
60402,Cook County,IL,19.495798319327733,NA,NA,NA,NA
60451,Will County,IL,14.453781512605044,NA,NA,NA,NA
60452,Cook County,IL,41.84873949579832,NA,NA,NA,NA
60455,Cook County,IL,NA,NA,82.3076923076923,NA,NA
60477,Cook County,IL,NA,NA,31.794871794871792,NA,NA
60491,Will County,IL,34.285714285714285,NA,NA,NA,NA
60525,Cook County,IL,NA,NA,29.48717948717949,NA,NA
60542,Kane County,IL,77.14285714285715,NA,NA,NA,NA
60544,Will County,IL,NA,NA,44.61538461538462,NA,NA
60548,DeKalb County,IL,NA,NA,85.8974358974359,NA,NA
60586,Will County,IL,48.23529411764706,NA,NA,NA,NA
60608,Cook County,IL,NA,NA,14.871794871794872,NA,NA
60609,Cook County,IL,NA,NA,NA,17.708333333333336,NA
60615,Cook County,IL,72.77310924369748,NA,NA,NA,NA
60616,Cook County,IL,NA,NA,NA,NA,24.69879518072289
60618,Cook County,IL,6.386554621848739,NA,11.794871794871794,NA,NA
60621,Cook County,IL,NA,NA,NA,35.76388888888889,NA
60626,Cook County,IL,NA,NA,NA,37.84722222222222,NA
60632,Cook County,IL,NA,83.26530612244898,NA,NA,NA
60634,Cook County,IL,13.277310924369749,NA,NA,NA,NA
60637,Cook County,IL,28.739495798319325,NA,19.230769230769234,NA,NA
60640,Cook County,IL,37.47899159663866,NA,NA,NA,NA
60645,Cook County,IL,51.76470588235295,NA,NA,NA,NA
60646,Cook County,IL,NA,NA,NA,76.73611111111111,NA
60647,Cook County,IL,47.73109243697479,NA,NA,NA,NA
60652,Cook County,IL,NA,NA,NA,27.083333333333332,NA
60657,Cook County,IL,43.36134453781513,NA,NA,NA,NA
60660,Cook County,IL,NA,NA,65.8974358974359,NA,NA
60827,Cook County,IL,NA,NA,NA,57.291666666666664,NA
60901,Kankakee County,IL,NA,NA,20,NA,NA
61021,Lee County,IL,NA,NA,NA,NA,3.614457831325301
61032,Stephenson County,IL,56.63865546218487,NA,NA,NA,NA
61068,Ogle County,IL,95.29411764705881,NA,NA,NA,NA
61108,Winnebago County,IL,NA,NA,62.05128205128205,NA,NA
61604,Peoria County,IL,NA,NA,NA,41.66666666666667,NA
61821,Champaign County,IL,NA,NA,49.743589743589745,50.69444444444444,NA
61832,Vermilion County,IL,NA,NA,13.58974358974359,NA,NA
62205,St. Clair County,IL,94.78991596638654,NA,NA,NA,NA
46131,Johnson County,IN,NA,NA,NA,30.208333333333332,NA
46135,Putnam County,IN,NA,NA,NA,63.888888888888886,NA
46143,Johnson County,IN,23.697478991596636,NA,NA,NA,NA
46214,Marion County,IN,50.924369747899156,NA,NA,NA,NA
46241,Marion County,IN,NA,NA,25.8974358974359,NA,NA
46254,Marion County,IN,14.117647058823529,NA,NA,NA,NA
46310,Jasper County,IN,60.67226890756302,NA,NA,NA,NA
46321,Lake County,IN,NA,NA,94.1025641025641,NA,NA
46323,Lake County,IN,12.605042016806722,NA,NA,NA,NA
46324,Lake County,IN,NA,NA,20.51282051282051,NA,NA
46360,LaPorte County,IN,NA,NA,51.53846153846153,NA,NA
46383,Porter County,IN,NA,NA,NA,6.597222222222222,NA
46385,Porter County,IN,NA,NA,NA,5.555555555555555,NA
46392,Jasper County,IN,76.63865546218489,NA,NA,NA,NA
46404,Lake County,IN,NA,NA,38.71794871794872,NA,NA
46563,Marshall County,IN,65.54621848739495,NA,NA,NA,NA
46814,Allen County,IN,NA,NA,NA,71.875,NA
46825,Allen County,IN,NA,50.204081632653065,NA,NA,NA
46901,Howard County,IN,NA,NA,35.38461538461539,NA,NA
47012,Franklin County,IN,NA,NA,NA,85.41666666666666,NA
47167,Washington County,IN,NA,NA,NA,80.20833333333334,NA
47303,Delaware County,IN,NA,77.55102040816327,NA,NA,NA
47331,Fayette County,IN,NA,86.93877551020408,NA,NA,NA
47401,Monroe County,IN,78.99159663865547,NA,NA,75,NA
47421,Lawrence County,IN,NA,NA,39.743589743589745,NA,NA
50010,Story County,IA,NA,NA,NA,73.95833333333334,NA
50112,Poweshiek County,IA,NA,NA,NA,NA,97.59036144578313
50138,Marion County,IA,NA,NA,58.20512820512821,NA,NA
50158,Marshall County,IA,NA,65.3061224489796,NA,NA,NA
50208,Jasper County,IA,38.82352941176471,NA,NA,NA,NA
50316,Polk County,IA,NA,NA,NA,55.55555555555556,NA
50588,Buena Vista County,IA,NA,NA,NA,95.83333333333334,NA
50595,Hamilton County,IA,NA,NA,96.41025641025641,NA,NA
51106,Woodbury County,IA,47.39495798319327,NA,NA,NA,NA
51503,Pottawattamie County,IA,3.697478991596639,NA,NA,NA,NA
51534,Mills County,IA,65.54621848739495,NA,NA,NA,NA
52001,Dubuque County,IA,NA,NA,NA,NA,52.40963855421686
52060,Jackson County,IA,82.68907563025209,NA,NA,NA,NA
52227,Linn County,IA,82.68907563025209,NA,NA,NA,NA
52317,Johnson County,IA,89.07563025210085,NA,NA,NA,NA
52402,Linn County,IA,NA,NA,NA,27.77777777777778,NA
52405,Linn County,IA,89.2436974789916,NA,NA,NA,NA
52601,Des Moines County,IA,NA,NA,16.153846153846153,NA,NA
52632,Lee County,IA,35.63025210084034,NA,NA,NA,NA
52761,Muscatine County,IA,23.361344537815125,NA,NA,NA,NA
52807,Scott County,IA,58.4873949579832,NA,NA,NA,NA
66012,Wyandotte County,KS,NA,95.91836734693877,NA,NA,NA
66220,Johnson County,KS,NA,NA,92.56410256410257,NA,NA
66542,Shawnee County,KS,NA,NA,NA,96.18055555555556,NA
66801,Lyon County,KS,85.3781512605042,NA,NA,NA,NA
67230,Sedgwick County,KS,97.3109243697479,NA,NA,NA,NA
40004,Nelson County,KY,NA,NA,NA,30.555555555555557,NA
40045,Trimble County,KY,NA,NA,100,NA,NA
40215,Jefferson County,KY,NA,32.6530612244898,NA,NA,NA
40220,Jefferson County,KY,NA,NA,44.35897435897436,NA,NA
40223,Jefferson County,KY,NA,83.6734693877551,NA,NA,NA
40258,Jefferson County,KY,NA,NA,NA,NA,50
40291,Jefferson County,KY,NA,NA,NA,20.13888888888889,NA
40351,Rowan County,KY,NA,18.367346938775512,NA,NA,NA
40356,Jessamine County,KY,55.294117647058826,NA,NA,NA,NA
40361,Bourbon County,KY,59.66386554621849,NA,NA,NA,NA
40403,Madison County,KY,NA,40,NA,NA,NA
40475,Madison County,KY,NA,NA,69.48717948717949,NA,NA
40509,Fayette County,KY,NA,NA,NA,43.40277777777778,NA
40511,Fayette County,KY,NA,NA,45.38461538461539,NA,NA
40517,Fayette County,KY,NA,NA,NA,44.79166666666667,NA
40701,Whitley County,KY,NA,NA,43.333333333333336,NA,NA
40741,Laurel County,KY,NA,NA,NA,NA,51.80722891566265
41005,Boone County,KY,NA,78.36734693877551,NA,NA,NA
41014,Kenton County,KY,NA,NA,NA,NA,84.33734939759037
41017,Kenton County,KY,27.563025210084035,NA,NA,NA,NA
41139,Greenup County,KY,70.75630252100841,NA,NA,NA,NA
41653,Floyd County,KY,81.34453781512605,NA,NA,NA,NA
42025,Marshall County,KY,NA,NA,NA,45.48611111111111,NA
42276,Logan County,KY,58.82352941176471,NA,NA,NA,NA
42301,Daviess County,KY,NA,NA,12.564102564102564,NA,NA
42567,Pulaski County,KY,88.57142857142857,NA,NA,NA,NA
42748,Larue County,KY,NA,NA,NA,NA,76.50602409638554
70117,Orleans Parish,LA,NA,NA,28.46153846153846,NA,NA
70122,Orleans Parish,LA,1.5126050420168067,70.20408163265306,NA,NA,NA
70128,Orleans Parish,LA,NA,NA,NA,92.70833333333334,NA
70131,Orleans Parish,LA,19.15966386554622,NA,NA,NA,NA
70344,Terrebonne Parish,LA,NA,NA,72.82051282051282,NA,NA
70394,Lafourche Parish,LA,NA,NA,25.64102564102564,NA,NA
70427,Washington Parish,LA,10.588235294117647,NA,18.974358974358974,NA,NA
70714,East Baton Rouge Parish,LA,NA,NA,62.30769230769231,NA,NA
70769,Ascension Parish,LA,73.94957983193278,NA,NA,NA,NA
70811,East Baton Rouge Parish,LA,94.9579831932773,NA,NA,NA,NA
70815,East Baton Rouge Parish,LA,NA,NA,NA,90.625,NA
71075,Webster Parish,LA,NA,NA,73.58974358974359,NA,NA
71105,Caddo Parish,LA,NA,NA,NA,77.77777777777779,NA
71111,Bossier Parish,LA,80.67226890756302,NA,NA,NA,NA
71202,Ouachita Parish,LA,2.689075630252101,NA,NA,NA,NA
71417,Grant Parish,LA,NA,NA,NA,NA,100
04072,York County,ME,NA,NA,NA,NA,35.54216867469879
04103,Cumberland County,ME,NA,NA,27.692307692307693,NA,NA
04444,Penobscot County,ME,90.75630252100841,NA,NA,NA,NA
04530,Sagadahoc County,ME,69.91596638655462,NA,NA,NA,NA
04578,Lincoln County,ME,NA,NA,91.02564102564102,NA,NA
04976,Somerset County,ME,NA,53.06122448979592,NA,NA,NA
20705,Prince George's County,MD,84.2016806722689,NA,NA,NA,NA
20815,Montgomery County,MD,NA,NA,NA,76.38888888888889,NA
20855,Montgomery County,MD,91.26050420168067,NA,NA,NA,NA
20906,Montgomery County,MD,NA,NA,NA,41.31944444444444,NA
21061,Anne Arundel County,MD,49.91596638655462,NA,NA,NA,NA
21205,Baltimore city,MD,NA,NA,55.12820512820513,NA,NA
21206,Baltimore city,MD,NA,NA,46.92307692307692,NA,NA
21208,Baltimore County,MD,NA,NA,66.41025641025641,NA,NA
21211,Baltimore city,MD,NA,NA,NA,88.54166666666666,NA
21214,Baltimore city,MD,NA,NA,NA,89.23611111111111,NA
21215,Baltimore city,MD,NA,NA,10.256410256410255,NA,NA
21217,Baltimore city,MD,4.873949579831933,NA,NA,NA,NA
21230,Baltimore city,MD,NA,NA,NA,NA,70.48192771084338
21239,Baltimore city,MD,NA,NA,38.205128205128204,NA,NA
21401,Anne Arundel County,MD,NA,NA,NA,NA,22.289156626506024
21502,Allegany County,MD,88.23529411764706,NA,NA,NA,NA
21742,Washington County,MD,NA,NA,NA,88.88888888888889,NA
21750,Washington County,MD,NA,NA,NA,NA,81.32530120481928
01056,Hampden County,MA,NA,80,NA,NA,NA
01104,Hampden County,MA,NA,NA,NA,28.819444444444443,NA
01105,Hampden County,MA,9.747899159663866,NA,NA,NA,NA
01430,Worcester County,MA,NA,NA,NA,77.43055555555556,NA
01440,Worcester County,MA,NA,NA,3.076923076923077,NA,NA
01501,Worcester County,MA,52.268907563025216,NA,NA,NA,NA
01550,Worcester County,MA,NA,NA,81.02564102564102,NA,NA
01562,Worcester County,MA,NA,94.6938775510204,NA,NA,NA
01602,Worcester County,MA,NA,NA,86.41025641025641,NA,NA
01605,Worcester County,MA,NA,NA,2.8205128205128207,NA,NA
01701,Middlesex County,MA,NA,NA,13.846153846153847,NA,NA
01742,Middlesex County,MA,64.53781512605042,NA,NA,NA,NA
01801,Middlesex County,MA,14.285714285714285,NA,NA,NA,NA
01830,Essex County,MA,38.655462184873954,NA,NA,NA,NA
01832,Essex County,MA,NA,23.26530612244898,NA,NA,21.686746987951807
01841,Essex County,MA,0.33613445378151263,NA,NA,NA,NA
01843,Essex County,MA,NA,NA,71.7948717948718,NA,NA
01844,Essex County,MA,NA,NA,26.153846153846157,NA,NA
01850,Middlesex County,MA,NA,NA,92.82051282051282,NA,NA
01863,Middlesex County,MA,74.45378151260505,NA,NA,NA,NA
01867,Middlesex County,MA,29.411764705882355,NA,NA,NA,NA
01876,Middlesex County,MA,NA,NA,9.230769230769232,NA,NA
01880,Middlesex County,MA,NA,NA,NA,7.638888888888889,NA
01886,Middlesex County,MA,NA,NA,NA,68.05555555555556,NA
01887,Middlesex County,MA,NA,NA,NA,NA,25.903614457831324
01905,Essex County,MA,NA,NA,NA,9.722222222222223,NA
01938,Essex County,MA,94.11764705882352,NA,79.74358974358975,NA,NA
01940,Essex County,MA,NA,NA,NA,79.86111111111111,NA
01960,Essex County,MA,NA,NA,1.5384615384615385,NA,NA
01966,Essex County,MA,NA,NA,NA,64.23611111111111,NA
02021,Norfolk County,MA,13.445378151260504,NA,NA,NA,NA
02081,Norfolk County,MA,NA,NA,NA,48.61111111111111,NA
02093,Norfolk County,MA,80.84033613445378,NA,NA,NA,NA
02114,Suffolk County,MA,NA,NA,22.564102564102566,NA,NA
02115,Suffolk County,MA,NA,40.816326530612244,NA,NA,NA
02116,Suffolk County,MA,NA,84.89795918367346,18.461538461538463,76.04166666666666,NA
02118,Suffolk County,MA,NA,NA,9.487179487179487,0.6944444444444444,NA
02120,Suffolk County,MA,NA,NA,51.7948717948718,NA,NA
02121,Suffolk County,MA,NA,NA,88.71794871794872,NA,NA
02122,Suffolk County,MA,NA,6.530612244897959,NA,NA,NA
02124,Suffolk County,MA,NA,47.755102040816325,NA,NA,NA
02125,Suffolk County,MA,NA,NA,NA,1.0416666666666665,NA
02126,Suffolk County,MA,NA,26.53061224489796,6.153846153846154,NA,NA
02130,Suffolk County,MA,NA,3.6734693877551026,2.307692307692308,NA,5.421686746987952
02131,Suffolk County,MA,56.30252100840336,NA,NA,NA,4.216867469879518
02135,Suffolk County,MA,NA,NA,5.641025641025641,NA,NA
02136,Suffolk County,MA,NA,NA,NA,NA,34.93975903614458
02139,Middlesex County,MA,NA,NA,NA,4.166666666666666,NA
02140,Middlesex County,MA,NA,NA,20.256410256410255,NA,NA
02143,Middlesex County,MA,NA,NA,NA,NA,18.67469879518072
02149,Middlesex County,MA,NA,NA,0.2564102564102564,NA,NA
02155,Middlesex County,MA,NA,8.571428571428571,2.051282051282051,NA,NA
02176,Middlesex County,MA,34.95798319327731,NA,NA,NA,NA
02184,Norfolk County,MA,40.50420168067227,NA,NA,NA,NA
02301,Plymouth County,MA,0,NA,0,NA,NA
02302,Plymouth County,MA,NA,NA,NA,3.125,NA
02346,Plymouth County,MA,NA,NA,14.615384615384617,NA,NA
02375,Bristol County,MA,NA,NA,NA,98.61111111111111,NA
02379,Plymouth County,MA,60.33613445378151,NA,NA,NA,NA
02420,Middlesex County,MA,41.008403361344534,NA,NA,NA,NA
02421,Middlesex County,MA,69.91596638655462,NA,NA,NA,NA
02445,Norfolk County,MA,53.27731092436975,NA,NA,NA,NA
02446,Norfolk County,MA,18.487394957983195,NA,NA,7.986111111111111,11.44578313253012
02453,Middlesex County,MA,28.403361344537814,NA,NA,NA,NA
02467,Norfolk County,MA,NA,NA,NA,NA,68.67469879518072
02468,Middlesex County,MA,87.56302521008404,NA,NA,NA,NA
02478,Middlesex County,MA,NA,NA,61.282051282051285,NA,NA
02494,Norfolk County,MA,76.30252100840336,NA,NA,NA,NA
02536,Barnstable County,MA,NA,65.71428571428571,NA,NA,NA
02537,Barnstable County,MA,78.4873949579832,NA,NA,NA,NA
02657,Barnstable County,MA,NA,NA,NA,NA,99.3975903614458
02668,Barnstable County,MA,NA,NA,NA,86.45833333333334,NA
02718,Bristol County,MA,NA,NA,83.58974358974359,NA,NA
02719,Bristol County,MA,NA,67.3469387755102,NA,NA,NA
02723,Bristol County,MA,94.62184873949579,NA,NA,NA,NA
02740,Bristol County,MA,NA,NA,NA,0,NA
02762,Norfolk County,MA,NA,NA,NA,78.47222222222221,NA
02767,Bristol County,MA,NA,NA,30.76923076923077,NA,NA
48021,Macomb County,MI,NA,29.795918367346943,NA,NA,NA
48030,Oakland County,MI,35.96638655462185,NA,NA,NA,NA
48048,Macomb County,MI,NA,82.44897959183673,NA,NA,NA
48070,Oakland County,MI,NA,NA,NA,93.40277777777779,NA
48071,Oakland County,MI,NA,59.591836734693885,NA,NA,NA
48073,Oakland County,MI,31.428571428571427,NA,NA,NA,NA
48091,Macomb County,MI,NA,49.795918367346935,NA,NA,NA
48093,Macomb County,MI,NA,NA,NA,NA,22.89156626506024
48103,Washtenaw County,MI,NA,NA,NA,2.430555555555556,16.867469879518072
48104,Washtenaw County,MI,NA,NA,NA,69.79166666666666,19.27710843373494
48105,Washtenaw County,MI,NA,NA,75.38461538461539,NA,NA
48108,Washtenaw County,MI,NA,NA,NA,NA,27.710843373493976
48111,Wayne County,MI,NA,NA,66.66666666666666,NA,NA
48122,Wayne County,MI,75.12605042016807,NA,NA,NA,NA
48126,Wayne County,MI,52.94117647058824,4.489795918367347,74.61538461538461,NA,NA
48127,Wayne County,MI,NA,NA,NA,21.875,NA
48138,Wayne County,MI,NA,NA,NA,NA,88.55421686746988
48141,Wayne County,MI,46.05042016806723,NA,NA,NA,NA
48146,Wayne County,MI,NA,NA,11.025641025641026,NA,NA
48160,Washtenaw County,MI,NA,NA,NA,85.06944444444444,NA
48161,Monroe County,MI,7.0588235294117645,NA,10,NA,NA
48166,Monroe County,MI,41.84873949579832,NA,NA,NA,NA
48167,Oakland County,MI,NA,NA,NA,NA,15.060240963855422
48174,Wayne County,MI,NA,NA,NA,NA,74.09638554216868
48180,Wayne County,MI,29.075630252100844,NA,NA,NA,NA
48185,Wayne County,MI,NA,31.83673469387755,7.6923076923076925,NA,NA
48186,Wayne County,MI,NA,NA,NA,NA,24.096385542168676
48187,Wayne County,MI,NA,NA,NA,3.8194444444444446,NA
48193,Wayne County,MI,58.82352941176471,NA,NA,NA,NA
48195,Wayne County,MI,NA,NA,NA,44.09722222222222,19.879518072289155
48197,Washtenaw County,MI,2.5210084033613445,NA,17.692307692307693,2.7777777777777777,NA
48202,Wayne County,MI,NA,NA,88.97435897435896,NA,NA
48203,Wayne County,MI,NA,62.857142857142854,NA,NA,NA
48205,Wayne County,MI,3.0252100840336134,NA,NA,NA,NA
48206,Wayne County,MI,26.89075630252101,NA,NA,NA,NA
48208,Wayne County,MI,56.97478991596638,NA,NA,NA,NA
48209,Wayne County,MI,54.78991596638656,NA,NA,NA,NA
48211,Wayne County,MI,NA,NA,90,NA,NA
48212,Wayne County,MI,NA,10.204081632653061,NA,NA,NA
48214,Wayne County,MI,NA,NA,24.871794871794872,NA,NA
48217,Wayne County,MI,NA,85.71428571428571,NA,NA,NA
48219,Wayne County,MI,1.1764705882352942,50.204081632653065,NA,NA,NA
48224,Wayne County,MI,10.252100840336134,NA,18.205128205128204,NA,NA
48225,Wayne County,MI,NA,40.40816326530612,NA,NA,NA
48230,Wayne County,MI,NA,98.77551020408163,NA,NA,NA
48234,Wayne County,MI,4.53781512605042,NA,NA,NA,NA
48239,Wayne County,MI,NA,NA,11.282051282051283,NA,NA
48240,Wayne County,MI,51.26050420168067,NA,NA,NA,NA
48304,Oakland County,MI,NA,NA,NA,NA,29.518072289156628
48310,Macomb County,MI,16.30252100840336,NA,NA,NA,NA
48313,Macomb County,MI,NA,45.30612244897959,NA,NA,NA
48322,Oakland County,MI,NA,63.6734693877551,NA,10.069444444444445,NA
48323,Oakland County,MI,NA,97.55102040816327,NA,NA,NA
48331,Oakland County,MI,NA,NA,NA,23.26388888888889,NA
48346,Oakland County,MI,NA,NA,42.56410256410256,NA,NA
48381,Oakland County,MI,NA,NA,70.25641025641025,NA,NA
48383,Oakland County,MI,NA,NA,NA,85.76388888888889,NA
48415,Saginaw County,MI,67.73109243697479,NA,NA,NA,NA
48451,Genesee County,MI,67.05882352941175,NA,NA,NA,NA
48457,Genesee County,MI,NA,NA,87.43589743589743,NA,NA
48505,Genesee County,MI,29.411764705882355,NA,NA,NA,NA
48507,Genesee County,MI,15.798319327731091,NA,NA,NA,NA
48519,Genesee County,MI,NA,NA,NA,NA,87.95180722891565
48529,Genesee County,MI,98.82352941176471,NA,NA,NA,NA
48532,Genesee County,MI,61.84873949579832,NA,NA,NA,NA
48602,Saginaw County,MI,2.857142857142857,NA,NA,NA,NA
48609,Saginaw County,MI,92.10084033613445,NA,NA,64.58333333333334,NA
48642,Midland County,MI,NA,NA,NA,9.375,NA
48706,Bay County,MI,NA,NA,35.64102564102564,NA,NA
48708,Bay County,MI,NA,55.51020408163265,NA,NA,NA
48836,Livingston County,MI,NA,NA,NA,NA,69.87951807228916
48840,Ingham County,MI,83.19327731092437,NA,NA,NA,NA
48843,Livingston County,MI,18.319327731092436,NA,NA,NA,10.843373493975903
48911,Ingham County,MI,8.403361344537815,NA,NA,NA,NA
49001,Kalamazoo County,MI,NA,NA,NA,NA,61.44578313253012
49008,Kalamazoo County,MI,43.19327731092437,NA,NA,NA,NA
49024,Kalamazoo County,MI,NA,NA,NA,NA,28.915662650602407
49037,Calhoun County,MI,NA,NA,17.94871794871795,NA,NA
49120,Berrien County,MI,12.436974789915967,NA,NA,NA,NA
49201,Jackson County,MI,10.084033613445378,NA,NA,NA,NA
49404,Ottawa County,MI,77.47899159663866,NA,NA,NA,NA
49415,Muskegon County,MI,NA,NA,NA,NA,85.54216867469879
49421,Oceana County,MI,NA,NA,84.1025641025641,NA,NA
49423,Ottawa County,MI,NA,NA,NA,11.458333333333332,NA
49507,Kent County,MI,45.88235294117647,NA,NA,NA,NA
49601,Wexford County,MI,NA,NA,79.74358974358975,NA,NA
49866,Marquette County,MI,68.40336134453781,NA,NA,NA,NA
55006,Isanti County,MN,NA,99.18367346938776,NA,NA,NA
55016,Washington County,MN,NA,NA,95.8974358974359,NA,NA
55045,Chisago County,MN,NA,NA,96.15384615384616,NA,NA
55109,Ramsey County,MN,NA,NA,52.56410256410257,NA,NA
55113,Ramsey County,MN,48.57142857142857,NA,NA,NA,NA
55119,Ramsey County,MN,8.907563025210084,NA,NA,NA,NA
55122,Dakota County,MN,NA,NA,70.76923076923077,NA,NA
55124,Dakota County,MN,17.310924369747898,NA,NA,NA,NA
55126,Ramsey County,MN,96.1344537815126,NA,NA,NA,NA
55303,Anoka County,MN,8.739495798319327,NA,NA,NA,NA
55304,Anoka County,MN,14.789915966386555,NA,NA,NA,NA
55305,Hennepin County,MN,NA,NA,82.564102564102555,NA,NA
55306,Dakota County,MN,49.57983193277311,NA,NA,89.58333333333334,NA
55311,Hennepin County,MN,36.470588235294116,NA,NA,NA,NA
55330,Sherburne County,MN,NA,NA,49.23076923076923,NA,NA
55364,Hennepin County,MN,NA,NA,85.12820512820512,NA,NA
55369,Hennepin County,MN,NA,NA,39.48717948717949,NA,64.45783132530121
55378,Scott County,MN,80.16806722689076,NA,NA,NA,NA
55401,Hennepin County,MN,NA,NA,68.97435897435898,NA,NA
55406,Hennepin County,MN,NA,NA,63.07692307692307,30.90277777777778,68.07228915662651
55411,Hennepin County,MN,NA,NA,NA,71.52777777777779,NA
55413,Hennepin County,MN,NA,NA,50.256410256410255,NA,NA
55414,Hennepin County,MN,72.10084033613445,NA,NA,NA,NA
55416,Hennepin County,MN,NA,NA,50.51282051282051,NA,NA
55418,Hennepin County,MN,11.76470588235294,NA,NA,NA,NA
55423,Hennepin County,MN,84.03361344537815,NA,NA,NA,NA
55432,Anoka County,MN,NA,57.55102040816327,NA,NA,NA
55439,Hennepin County,MN,79.32773109243698,NA,NA,NA,NA
55448,Anoka County,MN,NA,NA,75.8974358974359,NA,NA
55449,Anoka County,MN,87.39495798319328,99.59183673469387,NA,NA,NA
55720,Carlton County,MN,50.924369747899156,NA,36.92307692307693,NA,NA
55804,St. Louis County,MN,NA,NA,NA,94.09722222222221,NA
55805,St. Louis County,MN,NA,NA,52.307692307692314,NA,NA
55812,St. Louis County,MN,NA,NA,NA,NA,96.3855421686747
55904,Olmsted County,MN,NA,NA,41.794871794871796,NA,NA
55906,Olmsted County,MN,82.01680672268907,NA,NA,NA,NA
55987,Winona County,MN,NA,NA,NA,NA,1.8072289156626504
56007,Freeborn County,MN,NA,NA,53.07692307692308,11.11111111111111,NA
56031,Martin County,MN,NA,NA,NA,73.61111111111111,NA
56071,Scott County,MN,68.40336134453781,NA,NA,NA,NA
56073,Brown County,MN,64.03361344537815,NA,NA,NA,20.481927710843372
56258,Lyon County,MN,NA,NA,NA,84.02777777777779,98.79518072289156
56264,Lyon County,MN,NA,NA,99.23076923076923,NA,NA
56267,Stevens County,MN,NA,NA,NA,NA,77.71084337349397
56303,Stearns County,MN,NA,NA,36.41025641025641,NA,NA
56364,Morrison County,MN,NA,NA,91.7948717948718,NA,NA
56368,Stearns County,MN,NA,NA,98.2051282051282,NA,NA
56484,Cass County,MN,NA,NA,NA,NA,86.74698795180723
56601,Beltrami County,MN,3.5294117647058822,NA,65.64102564102564,14.930555555555555,0.6024096385542169
56621,Clearwater County,MN,NA,NA,NA,62.84722222222222,NA
56671,Beltrami County,MN,NA,87.75510204081633,NA,NA,NA
56716,Polk County,MN,NA,NA,36.15384615384615,NA,NA
38671,DeSoto County,MS,NA,NA,NA,54.861111111111114,NA
39042,Rankin County,MS,NA,42.857142857142854,NA,NA,NA
39059,Copiah County,MS,NA,NA,83.07692307692308,NA,NA
39402,Lamar County,MS,NA,NA,NA,57.638888888888886,NA
39440,Jones County,MS,2.0168067226890756,NA,NA,NA,NA
39451,Greene County,MS,96.97478991596638,NA,NA,NA,NA
39452,George County,MS,10.756302521008404,NA,NA,NA,NA
39667,Walthall County,MS,88.57142857142857,NA,NA,NA,NA
63017,St. Louis County,MO,50.08403361344538,NA,NA,NA,NA
63021,St. Louis County,MO,NA,NA,NA,12.847222222222221,NA
63031,St. Louis County,MO,22.689075630252102,NA,NA,NA,NA
63051,Jefferson County,MO,81.84873949579831,NA,NA,NA,NA
63106,St. Louis city,MO,NA,NA,93.84615384615384,NA,NA
63113,St. Louis city,MO,NA,46.93877551020408,NA,NA,NA
63128,St. Louis County,MO,92.94117647058823,NA,NA,NA,NA
63133,St. Louis County,MO,NA,NA,NA,82.29166666666666,NA
63134,St. Louis County,MO,NA,55.10204081632652,NA,NA,NA
63143,St. Louis County,MO,NA,91.42857142857143,NA,NA,NA
63385,St. Charles County,MO,45.378151260504204,NA,NA,NA,NA
63401,Marion County,MO,NA,36.734693877551024,NA,NA,NA
63664,Washington County,MO,93.10924369747899,NA,NA,NA,NA
63775,Perry County,MO,19.495798319327733,NA,NA,NA,NA
63830,Pemiscot County,MO,NA,NA,88.46153846153845,NA,NA
64014,Jackson County,MO,NA,43.673469387755105,NA,NA,NA
64024,Clay County,MO,28.067226890756302,NA,NA,NA,NA
64050,Jackson County,MO,11.260504201680673,NA,NA,NA,48.19277108433735
64058,Jackson County,MO,NA,88.16326530612245,NA,NA,NA
64068,Clay County,MO,0.8403361344537815,NA,NA,NA,NA
64076,Lafayette County,MO,NA,60.816326530612244,NA,NA,NA
64079,Platte County,MO,NA,73.46938775510205,NA,NA,NA
64086,Jackson County,MO,50.08403361344538,NA,NA,73.26388888888889,NA
64093,Johnson County,MO,NA,NA,NA,38.88888888888889,NA
64108,Jackson County,MO,NA,48.57142857142857,NA,NA,NA
64109,Jackson County,MO,NA,NA,NA,38.19444444444444,NA
64503,Buchanan County,MO,25.04201680672269,NA,NA,NA,NA
64506,Buchanan County,MO,NA,NA,NA,9.027777777777777,NA
65020,Camden County,MO,NA,NA,78.2051282051282,NA,NA
65049,Camden County,MO,NA,NA,NA,95.13888888888889,NA
65301,Pettis County,MO,9.411764705882353,NA,NA,NA,NA
65560,Dent County,MO,56.30252100840336,NA,NA,NA,NA
65686,Stone County,MO,NA,NA,NA,83.33333333333334,NA
65705,Lawrence County,MO,NA,NA,NA,NA,92.16867469879519
65708,Barry County,MO,NA,NA,74.1025641025641,NA,NA
65802,Greene County,MO,18.15126050420168,NA,NA,NA,NA
68046,Sarpy County,NE,45.21008403361345,NA,NA,NA,NA
68048,Cass County,NE,86.05042016806723,NA,NA,NA,NA
68110,Douglas County,NE,72.43697478991596,NA,NA,NA,NA
68112,Douglas County,NE,78.65546218487395,NA,NA,NA,NA
68128,Sarpy County,NE,NA,87.34693877551021,NA,NA,NA
68510,Lancaster County,NE,NA,NA,NA,NA,79.51807228915662
68601,Platte County,NE,NA,NA,66.92307692307692,NA,NA
89102,Clark County,NV,NA,NA,57.179487179487175,NA,NA
89403,Lyon County,NV,NA,NA,NA,40.97222222222222,NA
89434,Washoe County,NV,NA,NA,NA,NA,40.36144578313253
89521,Washoe County,NV,58.82352941176471,NA,NA,NA,NA
03071,Hillsborough County,NH,93.4453781512605,NA,NA,NA,NA
03087,Rockingham County,NH,61.1764705882353,NA,NA,NA,NA
03246,Belknap County,NH,NA,NA,NA,36.11111111111111,NA
03276,Merrimack County,NH,NA,NA,79.48717948717949,NA,NA
03431,Cheshire County,NH,NA,NA,34.35897435897436,NA,NA
03833,Rockingham County,NH,NA,NA,NA,38.54166666666667,NA
03862,Rockingham County,NH,96.63865546218487,NA,NA,NA,NA
03867,Strafford County,NH,NA,24.897959183673468,NA,NA,NA
07006,Essex County,NJ,NA,NA,66.15384615384615,NA,NA
07036,Union County,NJ,NA,NA,NA,19.444444444444446,NA
07093,Hudson County,NJ,NA,NA,80.25641025641026,NA,NA
07103,Essex County,NJ,NA,2.0408163265306123,NA,NA,NA
07104,Essex County,NJ,NA,NA,1.282051282051282,NA,NA
07106,Essex County,NJ,NA,NA,NA,69.09722222222221,NA
07107,Essex County,NJ,NA,0.8163265306122449,NA,NA,NA
07417,Bergen County,NJ,NA,NA,NA,NA,84.93975903614458
07436,Bergen County,NJ,93.94957983193277,NA,NA,NA,NA
07456,Passaic County,NJ,97.14285714285714,NA,NA,NA,NA
07458,Bergen County,NJ,NA,NA,NA,96.875,NA
07631,Bergen County,NJ,NA,NA,NA,26.38888888888889,NA
07644,Bergen County,NJ,NA,NA,NA,35.06944444444444,NA
07712,Monmouth County,NJ,24.369747899159663,NA,NA,NA,NA
07740,Monmouth County,NJ,NA,NA,8.717948717948717,NA,NA
07940,Morris County,NJ,87.56302521008404,NA,NA,NA,NA
08610,Mercer County,NJ,NA,NA,NA,49.30555555555556,NA
08721,Ocean County,NJ,12.26890756302521,NA,NA,NA,NA
08822,Hunterdon County,NJ,24.873949579831933,NA,NA,NA,NA
08873,Somerset County,NJ,17.81512605042017,NA,NA,NA,NA
87102,Bernalillo County,NM,46.21848739495798,NA,NA,NA,NA
87104,Bernalillo County,NM,NA,NA,NA,91.31944444444444,NA
87105,Bernalillo County,NM,NA,NA,4.871794871794872,NA,NA
87107,Bernalillo County,NM,NA,NA,37.69230769230769,NA,NA
87109,Bernalillo County,NM,NA,NA,NA,16.319444444444446,NA
87110,Bernalillo County,NM,NA,NA,NA,NA,12.048192771084338
87112,Bernalillo County,NM,NA,41.224489795918366,NA,NA,NA
87123,Bernalillo County,NM,NA,NA,16.666666666666664,NA,NA
87401,San Juan County,NM,NA,NA,21.28205128205128,NA,NA
87420,San Juan County,NM,32.773109243697476,NA,NA,NA,NA
87506,Santa Fe County,NM,NA,NA,86.92307692307692,NA,NA
87532,Santa Fe County,NM,74.95798319327731,NA,NA,NA,NA
88011,Doa Ana County,NM,79.32773109243698,NA,NA,NA,NA
88210,Eddy County,NM,62.35294117647059,NA,NA,NA,NA
88240,Lea County,NM,11.932773109243698,NA,8.205128205128204,NA,NA
10002,New York County,NY,NA,29.795918367346943,NA,NA,NA
10004,New York County,NY,NA,NA,NA,98.95833333333334,NA
10011,New York County,NY,NA,93.46938775510203,97.43589743589743,NA,NA
10025,New York County,NY,20.672268907563023,NA,NA,NA,NA
10029,New York County,NY,5.714285714285714,5.714285714285714,NA,6.597222222222222,NA
10030,New York County,NY,NA,NA,NA,31.59722222222222,83.73493975903614
10031,New York County,NY,NA,NA,37.94871794871795,NA,NA
10032,New York County,NY,NA,NA,14.358974358974358,NA,NA
10035,New York County,NY,NA,NA,7.948717948717948,NA,NA
10040,New York County,NY,NA,11.428571428571429,NA,NA,NA
10309,Richmond County,NY,NA,NA,64.1025641025641,NA,NA
10314,Richmond County,NY,NA,NA,NA,48.26388888888889,NA
10451,Bronx County,NY,NA,2.857142857142857,NA,NA,34.33734939759036
10452,Bronx County,NY,15.294117647058824,NA,NA,NA,NA
10453,Bronx County,NY,NA,8.16326530612245,1.7948717948717947,NA,NA
10454,Bronx County,NY,8.235294117647058,14.285714285714285,NA,NA,NA
10456,Bronx County,NY,NA,NA,3.5897435897435894,NA,NA
10457,Bronx County,NY,NA,NA,1.0256410256410255,NA,NA
10458,Bronx County,NY,24.201680672268907,5.3061224489795915,0.7692307692307693,NA,NA
10459,Bronx County,NY,NA,26.122448979591837,NA,NA,NA
10462,Bronx County,NY,NA,27.755102040816325,NA,NA,37.95180722891566
10463,Bronx County,NY,NA,NA,NA,5.902777777777778,NA
10465,Bronx County,NY,NA,NA,NA,86.80555555555556,NA
10467,Bronx County,NY,NA,3.2653061224489797,NA,NA,NA
10468,Bronx County,NY,NA,12.244897959183673,12.82051282051282,NA,NA
10469,Bronx County,NY,NA,NA,4.358974358974359,NA,NA
10472,Bronx County,NY,1.8487394957983194,NA,NA,NA,NA
10473,Bronx County,NY,2.3529411764705883,NA,NA,NA,NA
10475,Bronx County,NY,NA,NA,NA,12.5,NA
10507,Westchester County,NY,NA,93.87755102040816,NA,NA,NA
10579,Putnam County,NY,91.76470588235294,NA,NA,NA,NA
10589,Westchester County,NY,NA,NA,NA,97.91666666666666,NA
10598,Westchester County,NY,NA,NA,NA,NA,71.6867469879518
10606,Westchester County,NY,NA,33.87755102040816,NA,NA,NA
10913,Rockland County,NY,97.98319327731092,NA,NA,NA,NA
11105,Queens County,NY,89.2436974789916,NA,NA,NA,NA
11204,Kings County,NY,83.36134453781513,35.51020408163265,NA,NA,NA
11205,Kings County,NY,NA,21.224489795918366,NA,NA,NA
11206,Kings County,NY,NA,31.020408163265305,NA,NA,NA
11207,Kings County,NY,22.016806722689076,NA,NA,NA,NA
11208,Kings County,NY,NA,1.6326530612244898,NA,NA,NA
11212,Kings County,NY,NA,NA,NA,39.58333333333333,NA
11213,Kings County,NY,NA,NA,6.666666666666667,34.02777777777778,NA
11221,Kings County,NY,NA,66.12244897959184,NA,NA,NA
11222,Kings County,NY,NA,79.18367346938776,NA,NA,NA
11223,Kings County,NY,NA,11.83673469387755,26.923076923076923,NA,NA
11226,Kings County,NY,NA,NA,5.128205128205128,NA,NA
11230,Kings County,NY,65.21008403361344,NA,NA,NA,NA
11234,Kings County,NY,35.12605042016806,NA,25.128205128205128,NA,NA
11235,Kings County,NY,21.680672268907564,NA,NA,NA,NA
11237,Kings County,NY,40.50420168067227,NA,NA,NA,NA
11239,Kings County,NY,NA,NA,90.76923076923077,NA,NA
11361,Queens County,NY,NA,81.22448979591836,NA,NA,NA
11368,Queens County,NY,1.0084033613445378,0,NA,NA,NA
11370,Queens County,NY,NA,NA,NA,NA,60.24096385542169
11372,Queens County,NY,82.35294117647058,9.387755102040817,NA,NA,NA
11385,Queens County,NY,NA,8.979591836734693,NA,NA,NA
11413,Queens County,NY,NA,36.3265306122449,NA,NA,NA
11423,Queens County,NY,NA,NA,NA,47.22222222222222,NA
11432,Queens County,NY,NA,22.857142857142858,NA,NA,NA
11433,Queens County,NY,NA,16.73469387755102,NA,NA,NA
11434,Queens County,NY,21.51260504201681,NA,NA,NA,NA
11435,Queens County,NY,NA,10.612244897959183,NA,NA,NA
11520,Nassau County,NY,52.60504201680673,NA,NA,NA,NA
11554,Nassau County,NY,NA,NA,NA,NA,26.506024096385545
11704,Suffolk County,NY,NA,NA,NA,51.736111111111114,NA
11706,Suffolk County,NY,NA,17.142857142857142,NA,NA,NA
11758,Nassau County,NY,71.76470588235294,NA,NA,NA,NA
11801,Nassau County,NY,84.53781512605042,NA,NA,NA,NA
12065,Saratoga County,NY,NA,NA,NA,NA,25.301204819277107
12180,Rensselaer County,NY,NA,31.428571428571427,NA,NA,NA
12303,Schenectady County,NY,NA,NA,44.1025641025641,NA,NA
12306,Schenectady County,NY,42.18487394957983,NA,NA,NA,NA
12866,Saratoga County,NY,26.218487394957986,NA,NA,NA,NA
12883,Essex County,NY,NA,NA,82.05128205128204,NA,NA
12972,Clinton County,NY,78.65546218487395,NA,NA,NA,NA
13031,Onondaga County,NY,NA,NA,NA,58.333333333333336,NA
13069,Oswego County,NY,NA,NA,6.923076923076923,NA,NA
13148,Seneca County,NY,NA,NA,30.256410256410255,NA,NA
13203,Onondaga County,NY,16.134453781512605,NA,NA,NA,NA
13208,Onondaga County,NY,NA,NA,15.897435897435896,NA,NA
13478,Oneida County,NY,NA,NA,95.64102564102565,NA,NA
13492,Oneida County,NY,57.310924369747895,NA,67.94871794871796,NA,NA
13820,Otsego County,NY,NA,NA,NA,8.680555555555555,NA
13827,Tioga County,NY,NA,NA,28.717948717948715,NA,NA
13865,Broome County,NY,NA,NA,55.38461538461539,NA,NA
13905,Broome County,NY,NA,NA,3.3333333333333335,NA,NA
14057,Erie County,NY,75.63025210084034,NA,NA,NA,NA
14075,Erie County,NY,31.932773109243694,NA,NA,NA,NA
14094,Niagara County,NY,8.067226890756302,NA,NA,NA,NA
14120,Niagara County,NY,NA,NA,6.41025641025641,NA,NA
14127,Erie County,NY,51.76470588235295,NA,NA,NA,NA
14131,Niagara County,NY,NA,NA,96.66666666666667,NA,NA
14204,Erie County,NY,55.63025210084034,NA,NA,NA,NA
14207,Erie County,NY,29.411764705882355,NA,NA,NA,NA
14210,Erie County,NY,25.04201680672269,NA,NA,NA,NA
14213,Erie County,NY,46.554621848739494,NA,NA,NA,NA
14220,Erie County,NY,7.899159663865546,NA,NA,NA,NA
14223,Erie County,NY,44.87394957983194,NA,NA,NA,NA
14411,Orleans County,NY,43.36134453781513,NA,NA,NA,NA
14420,Monroe County,NY,46.38655462184874,NA,NA,NA,NA
14424,Ontario County,NY,10.252100840336134,NA,NA,NA,NA
14450,Monroe County,NY,NA,NA,3.8461538461538463,NA,NA
14472,Monroe County,NY,57.815126050420176,NA,NA,NA,NA
14512,Ontario County,NY,73.61344537815127,NA,NA,NA,NA
14580,Monroe County,NY,0.5042016806722689,NA,NA,NA,NA
14605,Monroe County,NY,28.235294117647058,NA,NA,NA,NA
14612,Monroe County,NY,NA,46.53061224489796,NA,NA,NA
14624,Monroe County,NY,39.66386554621849,NA,NA,NA,NA
14625,Monroe County,NY,NA,NA,NA,46.18055555555556,NA
14830,Steuben County,NY,22.521008403361346,NA,NA,NA,NA
14850,Tompkins County,NY,11.428571428571429,NA,NA,NA,NA
27030,Surry County,NC,NA,NA,NA,16.666666666666664,NA
27052,Stokes County,NC,87.05882352941177,NA,NA,NA,NA
27103,Forsyth County,NC,NA,NA,NA,11.805555555555555,NA
27105,Forsyth County,NC,NA,NA,NA,NA,38.55421686746988
27107,Forsyth County,NC,NA,NA,5.897435897435897,NA,NA
27217,Alamance County,NC,NA,NA,17.17948717948718,NA,NA
27258,Alamance County,NC,NA,NA,NA,82.63888888888889,NA
27265,Guilford County,NC,NA,NA,24.615384615384617,NA,NA
27284,Forsyth County,NC,NA,NA,NA,15.972222222222221,NA
27295,Davidson County,NC,5.2100840336134455,NA,NA,5.208333333333334,3.0120481927710845
27317,Randolph County,NC,NA,64.89795918367346,NA,NA,NA
27360,Davidson County,NC,27.899159663865547,NA,NA,NA,NA
27406,Guilford County,NC,NA,NA,NA,1.3888888888888888,NA
27540,Wake County,NC,NA,NA,52.820512820512825,NA,NA
27577,Johnston County,NC,NA,NA,NA,34.375,NA
27596,Franklin County,NC,54.11764705882353,NA,NA,NA,NA
27603,Wake County,NC,NA,NA,NA,28.125,NA
27604,Wake County,NC,NA,NA,70.51282051282051,NA,NA
27616,Wake County,NC,57.14285714285714,NA,NA,NA,NA
27704,Durham County,NC,NA,NA,15.128205128205128,NA,NA
27909,Pasquotank County,NC,NA,NA,NA,NA,21.084337349397593
28078,Mecklenburg County,NC,NA,NA,36.666666666666664,NA,NA
28110,Union County,NC,59.831932773109244,NA,NA,17.01388888888889,NA
28173,Union County,NC,NA,NA,44.871794871794876,NA,NA
28270,Mecklenburg County,NC,38.4873949579832,NA,NA,NA,NA
28358,Robeson County,NC,NA,NA,NA,65.97222222222221,NA
28461,Brunswick County,NC,NA,NA,NA,37.5,NA
28580,Greene County,NC,NA,NA,81.53846153846153,NA,NA
28590,Pitt County,NC,45.54621848739496,NA,NA,NA,NA
28625,Iredell County,NC,NA,NA,NA,NA,27.10843373493976
28655,Burke County,NC,NA,NA,7.435897435897436,NA,NA
28730,Buncombe County,NC,NA,NA,91.53846153846153,NA,NA
28748,Buncombe County,NC,NA,NA,NA,NA,95.18072289156626
28768,Transylvania County,NC,NA,NA,NA,62.5,NA
28801,Buncombe County,NC,100,NA,NA,NA,NA
58075,Richland County,ND,79.66386554621849,NA,NA,NA,NA
58078,Cass County,ND,9.07563025210084,NA,31.025641025641026,15.625,NA
58554,Morton County,ND,NA,NA,41.53846153846154,NA,NA
58703,Ward County,ND,NA,NA,NA,45.13888888888889,NA
43055,Licking County,OH,3.1932773109243695,NA,NA,2.083333333333333,NA
43085,Franklin County,OH,NA,NA,NA,63.19444444444444,NA
43206,Franklin County,OH,2.1848739495798317,NA,15.64102564102564,NA,NA
43207,Franklin County,OH,NA,4.8979591836734695,NA,NA,NA
43211,Franklin County,OH,NA,NA,13.846153846153847,NA,NA
43213,Franklin County,OH,7.226890756302522,NA,NA,NA,NA
43221,Franklin County,OH,NA,NA,71.02564102564102,NA,NA
43228,Franklin County,OH,NA,2.4489795918367347,56.92307692307692,47.56944444444444,NA
43230,Franklin County,OH,NA,NA,NA,50.34722222222222,NA
43232,Franklin County,OH,0.16806722689075632,16.3265306122449,5.384615384615385,NA,NA
43302,Marion County,OH,NA,NA,NA,21.180555555555554,NA
43420,Sandusky County,OH,19.327731092436977,NA,NA,NA,NA
43623,Lucas County,OH,87.22689075630252,NA,NA,NA,NA
43723,Guernsey County,OH,NA,NA,NA,NA,92.7710843373494
43812,Coshocton County,OH,13.781512605042018,NA,NA,NA,NA
43920,Columbiana County,OH,NA,NA,12.307692307692308,NA,NA
43950,Belmont County,OH,32.26890756302521,NA,NA,NA,NA
43952,Jefferson County,OH,20,NA,NA,NA,NA
43968,Columbiana County,OH,71.42857142857143,NA,NA,NA,NA
44004,Ashtabula County,OH,9.915966386554622,NA,NA,4.513888888888888,NA
44011,Lorain County,OH,82.18487394957982,42.857142857142854,NA,NA,NA
44012,Lorain County,OH,NA,NA,NA,8.333333333333332,NA
44023,Geauga County,OH,89.57983193277312,NA,NA,NA,NA
44024,Geauga County,OH,41.51260504201681,NA,NA,NA,NA
44030,Ashtabula County,OH,NA,NA,NA,NA,42.168674698795186
44035,Lorain County,OH,NA,NA,0.5128205128205128,NA,NA
44039,Lorain County,OH,11.596638655462185,95.51020408163265,NA,4.861111111111112,NA
44052,Lorain County,OH,NA,NA,19.743589743589745,NA,NA
44054,Lorain County,OH,NA,NA,NA,NA,51.204819277108435
44060,Lake County,OH,NA,NA,33.84615384615385,NA,NA
44067,Summit County,OH,64.03361344537815,NA,NA,NA,NA
44074,Lorain County,OH,91.59663865546219,NA,NA,NA,NA
44089,Erie County,OH,NA,NA,42.30769230769231,NA,NA
44095,Lake County,OH,30.42016806722689,NA,NA,NA,NA
44102,Cuyahoga County,OH,NA,NA,4.615384615384616,NA,NA
44103,Cuyahoga County,OH,54.621848739495796,NA,NA,NA,NA
44104,Cuyahoga County,OH,NA,NA,26.666666666666668,NA,NA
44105,Cuyahoga County,OH,NA,NA,8.461538461538462,NA,NA
44109,Cuyahoga County,OH,NA,NA,NA,NA,6.024096385542169
44111,Cuyahoga County,OH,NA,1.2244897959183674,NA,NA,NA
44112,Cuyahoga County,OH,NA,NA,NA,29.51388888888889,NA
44120,Cuyahoga County,OH,NA,13.46938775510204,NA,NA,NA
44122,Cuyahoga County,OH,NA,NA,NA,6.25,NA
44124,Cuyahoga County,OH,NA,NA,NA,NA,8.433734939759036
44128,Cuyahoga County,OH,NA,NA,38.46153846153847,NA,NA
44129,Cuyahoga County,OH,NA,76.73469387755102,NA,NA,NA
44134,Cuyahoga County,OH,NA,NA,10.512820512820513,3.4722222222222223,NA
44137,Cuyahoga County,OH,NA,19.591836734693878,NA,NA,66.26506024096386
44138,Cuyahoga County,OH,NA,NA,NA,60.416666666666664,NA
44140,Cuyahoga County,OH,55.63025210084034,NA,NA,NA,NA
44143,Cuyahoga County,OH,NA,NA,NA,13.88888888888889,NA
44144,Cuyahoga County,OH,NA,73.06122448979592,NA,93.75,NA
44145,Cuyahoga County,OH,NA,NA,NA,NA,4.819277108433735
44146,Cuyahoga County,OH,NA,NA,NA,37.15277777777778,NA
44212,Medina County,OH,5.546218487394958,NA,NA,NA,NA
44223,Summit County,OH,67.89915966386555,NA,NA,NA,NA
44224,Summit County,OH,NA,80.81632653061224,NA,NA,NA
44241,Portage County,OH,NA,NA,35.8974358974359,NA,NA
44256,Medina County,OH,58.82352941176471,NA,NA,NA,NA
44266,Portage County,OH,NA,26.93877551020408,NA,NA,NA
44273,Medina County,OH,79.66386554621849,NA,NA,NA,NA
44305,Summit County,OH,NA,12.653061224489795,NA,NA,NA
44312,Summit County,OH,33.4453781512605,NA,NA,42.36111111111111,NA
44333,Summit County,OH,94.45378151260503,NA,NA,NA,NA
44406,Mahoning County,OH,NA,89.38775510204081,NA,NA,NA
44431,Columbiana County,OH,97.47899159663865,NA,NA,NA,NA
44514,Mahoning County,OH,NA,99.59183673469387,NA,NA,NA
44601,Stark County,OH,5.042016806722689,NA,NA,NA,NA
44615,Carroll County,OH,NA,63.26530612244898,NA,NA,NA
44663,Tuscarawas County,OH,NA,NA,16.923076923076923,NA,NA
44667,Wayne County,OH,35.96638655462185,NA,NA,NA,NA
44691,Wayne County,OH,NA,64.48979591836735,NA,NA,NA
44706,Stark County,OH,NA,28.57142857142857,NA,NA,NA
44708,Stark County,OH,35.294117647058826,NA,33.07692307692307,NA,NA
44709,Stark County,OH,17.478991596638654,NA,NA,NA,NA
44710,Stark County,OH,NA,68.9795918367347,NA,NA,NA
44720,Stark County,OH,22.35294117647059,NA,NA,NA,NA
45011,Butler County,OH,0.6722689075630253,NA,NA,NA,NA
45013,Butler County,OH,18.65546218487395,NA,NA,NA,NA
45014,Butler County,OH,12.100840336134453,NA,NA,NA,NA
45030,Hamilton County,OH,NA,67.3469387755102,NA,NA,NA
45044,Butler County,OH,1.3445378151260505,NA,7.179487179487179,NA,NA
45050,Butler County,OH,86.38655462184875,NA,NA,NA,NA
45102,Clermont County,OH,32.436974789915965,NA,NA,NA,NA
45103,Clermont County,OH,NA,13.061224489795919,NA,NA,NA
45106,Clermont County,OH,NA,NA,NA,65.27777777777779,NA
45120,Clermont County,OH,97.98319327731092,NA,NA,NA,NA
45152,Warren County,OH,NA,38.775510204081634,NA,NA,NA
45176,Clermont County,OH,NA,35.10204081632653,NA,NA,NA
45206,Hamilton County,OH,25.71428571428571,NA,NA,NA,NA
45214,Hamilton County,OH,NA,74.6938775510204,NA,NA,NA
45215,Hamilton County,OH,NA,20.816326530612244,NA,NA,NA
45231,Hamilton County,OH,6.218487394957983,19.591836734693878,NA,NA,NA
45242,Hamilton County,OH,NA,59.591836734693885,NA,NA,NA
45251,Hamilton County,OH,20.840336134453782,NA,NA,NA,NA
45255,Hamilton County,OH,NA,70.61224489795919,NA,NA,NA
45320,Preble County,OH,NA,NA,46.666666666666664,NA,NA
45365,Shelby County,OH,NA,NA,15.384615384615385,NA,NA
45403,Montgomery County,OH,NA,19.183673469387756,NA,NA,NA
45414,Montgomery County,OH,NA,NA,34.61538461538461,NA,NA
45417,Montgomery County,OH,NA,7.755102040816326,11.538461538461538,NA,NA
45420,Montgomery County,OH,23.52941176470588,NA,NA,NA,NA
45459,Montgomery County,OH,NA,59.183673469387756,NA,NA,NA
45631,Gallia County,OH,NA,NA,NA,NA,6.626506024096386
45660,Adams County,OH,NA,53.87755102040816,NA,NA,NA
45697,Adams County,OH,NA,72.6530612244898,NA,NA,NA
45701,Athens County,OH,92.77310924369748,NA,NA,NA,NA
45710,Athens County,OH,83.02521008403362,NA,NA,NA,NA
45750,Washington County,OH,25.3781512605042,NA,NA,NA,NA
45784,Washington County,OH,NA,61.63265306122449,NA,NA,NA
45844,Putnam County,OH,92.26890756302521,NA,NA,NA,NA
73006,Caddo County,OK,NA,92.65306122448979,NA,NA,NA
73034,Oklahoma County,OK,NA,NA,NA,14.583333333333334,31.92771084337349
73036,Canadian County,OK,50.08403361344538,NA,NA,NA,NA
73108,Oklahoma County,OK,NA,NA,69.74358974358974,NA,NA
73111,Oklahoma County,OK,NA,NA,NA,NA,62.048192771084345
73142,Oklahoma County,OK,NA,NA,84.87179487179488,NA,NA
73162,Oklahoma County,OK,NA,NA,NA,19.791666666666664,NA
73170,Cleveland County,OK,33.61344537815126,NA,NA,NA,NA
73439,Marshall County,OK,86.05042016806723,NA,NA,NA,NA
73507,Comanche County,OK,12.773109243697478,NA,NA,NA,NA
73538,Comanche County,OK,97.6470588235294,NA,NA,NA,NA
73701,Garfield County,OK,52.77310924369748,NA,NA,NA,NA
74006,Washington County,OK,70.4201680672269,NA,NA,NA,NA
74014,Wagoner County,OK,NA,NA,40.76923076923077,NA,NA
74020,Pawnee County,OK,NA,91.02040816326532,NA,NA,NA
74021,Tulsa County,OK,NA,84.48979591836735,NA,65.625,NA
74112,Tulsa County,OK,NA,NA,59.743589743589745,NA,NA
74128,Tulsa County,OK,70.75630252100841,NA,NA,NA,NA
74129,Tulsa County,OK,NA,66.53061224489795,NA,NA,NA
74137,Tulsa County,OK,NA,NA,80.76923076923077,NA,NA
74467,Wagoner County,OK,NA,NA,NA,NA,63.25301204819277
74868,Seminole County,OK,NA,71.42857142857143,NA,NA,NA
74959,Le Flore County,OK,NA,NA,83.33333333333334,NA,NA
97007,Washington County,OR,67.39495798319328,NA,NA,NA,NA
97030,Multnomah County,OR,NA,75.91836734693878,21.794871794871796,NA,NA
97031,Hood River County,OR,NA,95.10204081632652,NA,NA,NA
97089,Clackamas County,OR,NA,NA,85.38461538461539,NA,NA
97103,Clatsop County,OR,NA,NA,84.61538461538461,NA,NA
97128,Yamhill County,OR,37.3109243697479,NA,NA,NA,28.313253012048197
97206,Multnomah County,OR,NA,NA,NA,NA,39.75903614457831
97210,Multnomah County,OR,93.78151260504201,NA,NA,NA,NA
97213,Multnomah County,OR,81.34453781512605,NA,NA,NA,NA
97214,Multnomah County,OR,NA,NA,93.07692307692308,NA,NA
97217,Multnomah County,OR,NA,NA,NA,49.65277777777778,NA
97220,Multnomah County,OR,NA,NA,40,NA,NA
97224,Washington County,OR,32.10084033613445,NA,NA,NA,NA
97229,Washington County,OR,NA,NA,NA,39.93055555555556,NA
97233,Multnomah County,OR,NA,24.897959183673468,NA,NA,NA
97239,Multnomah County,OR,NA,NA,NA,NA,59.036144578313255
97266,Multnomah County,OR,NA,NA,37.43589743589744,NA,NA
97301,Marion County,OR,NA,22.448979591836736,NA,NA,NA
97302,Marion County,OR,NA,76.32653061224491,NA,NA,NA
97306,Marion County,OR,NA,NA,61.53846153846154,NA,NA
97322,Linn County,OR,50.7563025210084,NA,NA,NA,NA
97338,Polk County,OR,36.470588235294116,NA,NA,NA,NA
97394,Lincoln County,OR,NA,NA,NA,NA,71.08433734939759
97401,Lane County,OR,48.0672268907563,NA,NA,NA,NA
97477,Lane County,OR,NA,NA,NA,33.33333333333333,NA
97525,Jackson County,OR,NA,NA,NA,86.11111111111111,NA
97701,Deschutes County,OR,57.647058823529406,NA,NA,NA,NA
97838,Umatilla County,OR,NA,77.9591836734694,55.64102564102564,NA,NA
15090,Allegheny County,PA,NA,NA,NA,NA,62.65060240963856
15102,Allegheny County,PA,65.04201680672269,NA,NA,NA,NA
15147,Allegheny County,PA,NA,48.97959183673469,NA,NA,NA
15219,Allegheny County,PA,NA,NA,37.17948717948718,NA,NA
15224,Allegheny County,PA,95.7983193277311,NA,NA,NA,NA
15241,Allegheny County,PA,NA,NA,77.94871794871796,NA,NA
15301,Washington County,PA,7.563025210084033,NA,NA,NA,NA
15401,Fayette County,PA,61.680672268907564,NA,NA,NA,NA
15445,Fayette County,PA,99.15966386554622,NA,NA,NA,NA
15642,Westmoreland County,PA,NA,NA,27.435897435897438,NA,NA
15717,Indiana County,PA,NA,NA,68.46153846153847,NA,NA
16025,Butler County,PA,89.57983193277312,NA,NA,NA,NA
16059,Butler County,PA,NA,NA,NA,NA,82.53012048192771
16127,Mercer County,PA,89.91596638655463,NA,NA,NA,NA
16137,Mercer County,PA,NA,NA,NA,35.41666666666667,NA
16301,Venango County,PA,NA,NA,NA,NA,42.77108433734939
16841,Centre County,PA,98.82352941176471,NA,NA,NA,NA
17003,Lebanon County,PA,44.70588235294118,NA,NA,51.041666666666664,NA
17015,Cumberland County,PA,48.90756302521008,NA,50.76923076923077,NA,36.144578313253014
17019,York County,PA,72.77310924369748,NA,68.2051282051282,NA,NA
17022,Lancaster County,PA,8.571428571428571,NA,NA,NA,NA
17033,Dauphin County,PA,4.033613445378151,NA,NA,22.916666666666664,NA
17038,Lebanon County,PA,68.73949579831933,NA,77.435897435897445,NA,NA
17050,Cumberland County,PA,NA,NA,28.974358974358978,NA,NA
17112,Dauphin County,PA,16.974789915966387,NA,20.76923076923077,NA,NA
17356,York County,PA,NA,NA,34.87179487179487,NA,NA
17366,York County,PA,NA,97.14285714285714,NA,NA,NA
17520,Lancaster County,PA,91.09243697478992,NA,NA,NA,NA
17740,Lycoming County,PA,75.12605042016807,NA,NA,NA,NA
17777,Northumberland County,PA,NA,NA,NA,NA,78.3132530120482
17801,Northumberland County,PA,NA,NA,25.384615384615383,NA,33.734939759036145
17872,Northumberland County,PA,41.344537815126046,NA,NA,NA,NA
18018,Lehigh County,PA,26.38655462184874,NA,NA,NA,NA
18020,Northampton County,PA,NA,58.36734693877551,NA,NA,NA
18042,Northampton County,PA,6.050420168067227,NA,NA,NA,NA
18403,Lackawanna County,PA,NA,NA,88.2051282051282,NA,NA
18505,Lackawanna County,PA,26.05042016806723,NA,NA,NA,NA
18621,Luzerne County,PA,NA,NA,94.87179487179486,NA,NA
18704,Luzerne County,PA,NA,NA,NA,NA,9.63855421686747
18801,Susquehanna County,PA,NA,NA,94.61538461538461,NA,NA
18940,Bucks County,PA,NA,NA,NA,44.44444444444444,NA
18944,Bucks County,PA,48.403361344537814,NA,NA,NA,NA
18974,Bucks County,PA,NA,NA,60.51282051282051,NA,NA
19046,Montgomery County,PA,NA,NA,78.71794871794872,NA,NA
19055,Bucks County,PA,NA,NA,58.46153846153847,NA,NA
19103,Philadelphia County,PA,NA,NA,NA,26.041666666666668,NA
19104,Philadelphia County,PA,14.957983193277311,NA,NA,NA,NA
19111,Philadelphia County,PA,10.92436974789916,NA,NA,NA,NA
19120,Philadelphia County,PA,NA,NA,4.102564102564102,NA,NA
19124,Philadelphia County,PA,NA,NA,2.564102564102564,NA,NA
19131,Philadelphia County,PA,NA,NA,NA,23.61111111111111,NA
19141,Philadelphia County,PA,NA,NA,NA,NA,32.53012048192771
19143,Philadelphia County,PA,NA,NA,10.76923076923077,NA,NA
19150,Philadelphia County,PA,NA,NA,NA,60.763888888888886,NA
19335,Chester County,PA,NA,NA,22.05128205128205,NA,NA
19342,Delaware County,PA,NA,NA,54.61538461538461,NA,NA
19380,Chester County,PA,30.58823529411765,NA,NA,NA,NA
19401,Montgomery County,PA,17.647058823529413,NA,NA,NA,NA
19406,Montgomery County,PA,NA,NA,79.23076923076923,NA,NA
19468,Montgomery County,PA,NA,NA,46.15384615384615,NA,NA
02865,Providence County,RI,NA,NA,74.87179487179488,NA,NA
29059,Orangeburg County,SC,78.99159663865547,NA,NA,NA,NA
29108,Newberry County,SC,NA,NA,NA,52.43055555555556,NA
29115,Orangeburg County,SC,NA,NA,42.05128205128205,NA,NA
29302,Spartanburg County,SC,90.4201680672269,NA,NA,NA,NA
29303,Spartanburg County,SC,61.84873949579832,NA,NA,NA,NA
29385,Spartanburg County,SC,NA,NA,NA,92.01388888888889,NA
29414,Charleston County,SC,34.11764705882353,NA,NA,NA,NA
29418,Charleston County,SC,86.89075630252101,NA,NA,NA,NA
29485,Dorchester County,SC,NA,NA,32.56410256410256,NA,NA
29609,Greenville County,SC,NA,NA,NA,46.52777777777778,NA
29642,Pickens County,SC,NA,NA,NA,53.81944444444444,NA
29651,Greenville County,SC,NA,NA,NA,14.23611111111111,NA
29715,York County,SC,NA,96.3265306122449,NA,NA,NA
29829,Aiken County,SC,NA,79.59183673469387,NA,NA,NA
57103,Minnehaha County,SD,9.243697478991598,NA,NA,NA,NA
57701,Pennington County,SD,37.81512605042017,NA,NA,18.75,NA
37030,Smith County,TN,NA,NA,78.46153846153847,NA,NA
37040,Montgomery County,TN,NA,49.38775510204081,30.512820512820515,NA,NA
37064,Williamson County,TN,18.823529411764707,NA,NA,NA,NA
37066,Sumner County,TN,44.36974789915966,NA,NA,NA,NA
37072,Davidson County,TN,38.15126050420168,NA,NA,NA,NA
37122,Wilson County,TN,13.109243697478993,NA,NA,NA,31.32530120481928
37127,Rutherford County,TN,NA,NA,NA,77.08333333333334,NA
37129,Rutherford County,TN,20,NA,NA,NA,NA
37148,Sumner County,TN,49.411764705882355,NA,NA,NA,NA
37167,Rutherford County,TN,43.02521008403362,NA,NA,NA,NA
37174,Williamson County,TN,NA,NA,54.871794871794876,NA,NA
37208,Davidson County,TN,NA,NA,31.28205128205128,NA,NA
37210,Davidson County,TN,NA,70.61224489795919,NA,NA,NA
37302,Hamilton County,TN,97.81512605042016,NA,NA,NA,NA
37379,Hamilton County,TN,NA,NA,47.43589743589743,NA,NA
37380,Marion County,TN,95.63025210084034,NA,NA,NA,NA
37421,Hamilton County,TN,NA,NA,NA,31.944444444444443,NA
37659,Washington County,TN,NA,NA,41.02564102564102,NA,NA
37716,Anderson County,TN,NA,34.69387755102041,NA,NA,NA
37748,Roane County,TN,NA,NA,NA,32.63888888888889,NA
37801,Blount County,TN,NA,NA,18.71794871794872,NA,NA
37814,Hamblen County,TN,40.168067226890756,NA,NA,NA,NA
37923,Knox County,TN,28.57142857142857,NA,NA,NA,NA
38002,Shelby County,TN,NA,NA,73.33333333333333,NA,NA
38016,Shelby County,TN,NA,63.6734693877551,57.43589743589743,NA,NA
38120,Shelby County,TN,96.80672268907563,NA,NA,NA,NA
38301,Madison County,TN,1.680672268907563,NA,NA,NA,NA
75013,Collin County,TX,24.705882352941178,NA,NA,NA,NA
75019,Dallas County,TX,NA,NA,60,NA,NA
75022,Denton County,TX,88.0672268907563,NA,NA,NA,NA
75033,,TX,NA,NA,NA,68.75,NA
75043,Dallas County,TX,NA,44.48979591836735,NA,NA,NA
75051,Dallas County,TX,12.941176470588237,NA,NA,NA,NA
75052,Dallas County,TX,NA,33.06122448979592,NA,NA,NA
75054,Tarrant County,TX,NA,NA,NA,94.44444444444444,NA
75056,Denton County,TX,15.46218487394958,NA,NA,NA,NA
75060,Dallas County,TX,NA,51.02040816326531,NA,NA,NA
75061,Dallas County,TX,NA,48.16326530612245,NA,NA,NA
75062,Dallas County,TX,63.02521008403361,27.346938775510203,NA,NA,NA
75075,Collin County,TX,NA,NA,NA,36.45833333333333,NA
75081,Dallas County,TX,NA,56.734693877551024,NA,NA,NA
75098,Collin County,TX,68.90756302521008,NA,27.94871794871795,NA,NA
75125,Ellis County,TX,NA,78.77551020408163,NA,NA,NA
75149,Dallas County,TX,NA,15.510204081632653,NA,NA,NA
75150,Dallas County,TX,70.58823529411765,NA,NA,NA,NA
75154,Ellis County,TX,NA,45.714285714285715,NA,NA,NA
75166,Collin County,TX,NA,NA,NA,100,NA
75211,Dallas County,TX,82.52100840336134,NA,NA,NA,NA
75215,Dallas County,TX,NA,56.734693877551024,NA,NA,NA
75217,Dallas County,TX,NA,52.6530612244898,NA,NA,NA
75218,Dallas County,TX,NA,96.73469387755102,NA,NA,NA
75224,Dallas County,TX,NA,NA,NA,NA,53.01204819277109
75227,Dallas County,TX,4.369747899159663,NA,NA,NA,NA
75229,Dallas County,TX,NA,55.91836734693878,NA,NA,NA
75232,Dallas County,TX,36.97478991596639,NA,NA,NA,NA
75235,Dallas County,TX,89.91596638655463,NA,NA,NA,NA
75243,Dallas County,TX,NA,17.551020408163264,NA,NA,NA
75248,Dallas County,TX,NA,NA,63.589743589743584,NA,NA
75559,Bowie County,TX,70.75630252100841,NA,NA,NA,NA
75603,Gregg County,TX,77.98319327731093,NA,NA,NA,NA
75657,Marion County,TX,90.4201680672269,NA,NA,NA,NA
75672,Harrison County,TX,68.0672268907563,NA,NA,NA,NA
75757,Smith County,TX,NA,NA,NA,NA,42.77108433734939
75771,Smith County,TX,NA,57.95918367346938,NA,NA,NA
75790,Van Zandt County,TX,NA,NA,NA,NA,91.56626506024097
75801,Anderson County,TX,NA,NA,67.6923076923077,70.83333333333334,NA
76020,Tarrant County,TX,NA,60.816326530612244,NA,NA,NA
76022,Tarrant County,TX,59.831932773109244,NA,NA,NA,NA
76048,Hood County,TX,NA,NA,NA,34.72222222222222,NA
76053,Tarrant County,TX,45.54621848739496,NA,NA,NA,NA
76104,Tarrant County,TX,NA,NA,84.1025641025641,NA,NA
76106,Tarrant County,TX,NA,NA,54.35897435897436,NA,NA
76117,Tarrant County,TX,NA,NA,72.3076923076923,NA,NA
76119,Tarrant County,TX,NA,6.938775510204081,NA,10.416666666666668,NA
76137,Tarrant County,TX,29.2436974789916,NA,58.71794871794872,NA,NA
76227,Denton County,TX,46.554621848739494,NA,NA,NA,NA
76301,Wichita County,TX,NA,NA,53.58974358974359,NA,NA
76504,Bell County,TX,NA,7.346938775510205,NA,NA,NA
76513,Bell County,TX,NA,22.040816326530614,NA,NA,NA
76643,McLennan County,TX,80,NA,NA,NA,NA
76710,McLennan County,TX,NA,NA,NA,NA,16.265060240963855
76801,Brown County,TX,36.470588235294116,NA,NA,NA,NA
76903,Tom Green County,TX,NA,NA,48.46153846153846,NA,NA
77016,Harris County,TX,64.70588235294117,NA,NA,NA,NA
77026,Harris County,TX,NA,36.734693877551024,NA,NA,NA
77034,Harris County,TX,NA,NA,62.82051282051282,NA,NA
77036,Harris County,TX,NA,NA,57.948717948717956,NA,NA
77039,Harris County,TX,44.537815126050425,NA,NA,NA,NA
77040,Harris County,TX,NA,NA,NA,81.94444444444444,NA
77045,Harris County,TX,NA,24.081632653061224,NA,NA,NA
77062,Harris County,TX,NA,NA,NA,58.68055555555556,NA
77074,Harris County,TX,NA,NA,NA,NA,78.91566265060241
77090,Harris County,TX,NA,31.83673469387755,NA,NA,NA
77306,Montgomery County,TX,80.33613445378151,NA,NA,NA,NA
77320,Walker County,TX,NA,80,NA,NA,NA
77382,Montgomery County,TX,NA,NA,NA,62.15277777777778,NA
77471,Fort Bend County,TX,NA,41.224489795918366,NA,NA,NA
77489,Fort Bend County,TX,NA,44.89795918367347,NA,NA,NA
77511,Brazoria County,TX,NA,24.489795918367346,NA,NA,NA
77518,Galveston County,TX,NA,NA,92.05128205128204,NA,NA
77530,Harris County,TX,NA,28.57142857142857,NA,NA,NA
77546,Galveston County,TX,21.84873949579832,NA,NA,NA,NA
77550,Galveston County,TX,NA,35.91836734693877,NA,NA,NA
77551,Galveston County,TX,NA,NA,31.538461538461537,29.166666666666668,NA
77586,Harris County,TX,62.52100840336134,NA,NA,NA,NA
77590,Galveston County,TX,NA,NA,NA,13.541666666666666,NA
77598,Harris County,TX,NA,66.53061224489795,NA,NA,NA
77630,Orange County,TX,25.3781512605042,NA,NA,NA,NA
77662,Orange County,TX,35.294117647058826,NA,NA,NA,NA
77868,Grimes County,TX,NA,NA,NA,75.34722222222221,NA
78108,Guadalupe County,TX,63.02521008403361,NA,NA,NA,NA
78209,Bexar County,TX,55.46218487394958,NA,NA,NA,NA
78210,Bexar County,TX,33.78151260504202,NA,NA,NA,NA
78211,Bexar County,TX,NA,98.36734693877551,NA,NA,NA
78214,Bexar County,TX,39.32773109243698,NA,NA,NA,NA
78221,Bexar County,TX,NA,51.83673469387755,NA,NA,NA
78223,Bexar County,TX,NA,15.918367346938775,23.333333333333332,NA,NA
78245,Bexar County,TX,NA,38.36734693877551,NA,NA,NA
78254,Bexar County,TX,20,NA,NA,NA,NA
78261,Bexar County,TX,66.05042016806722,NA,NA,NA,NA
78264,Bexar County,TX,NA,NA,89.23076923076924,NA,NA
78390,San Patricio County,TX,NA,88.16326530612245,NA,NA,NA
78504,Hidalgo County,TX,NA,NA,45.12820512820513,NA,NA
78542,Hidalgo County,TX,NA,0.40816326530612246,NA,NA,NA
78582,Starr County,TX,41.51260504201681,NA,NA,NA,NA
78633,Williamson County,TX,NA,NA,NA,NA,2.4096385542168677
78642,Williamson County,TX,83.8655462184874,NA,NA,NA,NA
78645,Travis County,TX,84.87394957983193,NA,NA,NA,NA
78666,Hays County,TX,NA,29.38775510204082,NA,NA,NA
78681,Williamson County,TX,NA,81.22448979591836,NA,NA,NA
78741,Travis County,TX,48.90756302521008,NA,NA,NA,NA
78834,Dimmit County,TX,86.38655462184875,NA,NA,NA,NA
79415,Lubbock County,TX,NA,NA,NA,88.19444444444444,NA
79423,Lubbock County,TX,NA,17.959183673469386,NA,NA,NA
79424,Lubbock County,TX,21.34453781512605,NA,NA,NA,NA
79701,Midland County,TX,32.94117647058823,NA,NA,NA,NA
79912,El Paso County,TX,21.176470588235293,NA,NA,NA,NA
79927,El Paso County,TX,48.739495798319325,NA,NA,NA,NA
79936,El Paso County,TX,NA,4.081632653061225,NA,NA,NA
84005,Utah County,UT,72.10084033613445,NA,NA,NA,NA
84010,Davis County,UT,NA,NA,NA,59.72222222222222,NA
84047,Salt Lake County,UT,NA,NA,32.05128205128205,NA,NA
84062,Utah County,UT,NA,NA,NA,NA,93.37349397590361
84075,Davis County,UT,54.957983193277315,NA,NA,NA,NA
84084,Salt Lake County,UT,NA,NA,NA,43.75,NA
84088,Salt Lake County,UT,NA,NA,NA,NA,75.30120481927712
84094,Salt Lake County,UT,NA,NA,NA,48.95833333333333,NA
84115,Salt Lake County,UT,NA,NA,43.58974358974359,NA,58.43373493975904
84118,Salt Lake County,UT,53.109243697478995,NA,NA,NA,NA
84124,Salt Lake County,UT,84.87394957983193,NA,NA,NA,NA
84405,Weber County,UT,NA,NA,NA,61.458333333333336,NA
84741,Kane County,UT,NA,NA,99.48717948717949,NA,NA
05001,Windsor County,VT,81.00840336134453,NA,NA,NA,NA
05452,Chittenden County,VT,NA,NA,NA,70.13888888888889,NA
05482,Chittenden County,VT,NA,NA,NA,NA,59.63855421686747
20121,Fairfax County,VA,NA,NA,NA,72.91666666666666,NA
20147,Loudoun County,VA,22.18487394957983,NA,NA,57.986111111111114,NA
20180,Loudoun County,VA,97.98319327731092,NA,NA,NA,NA
20186,Fauquier County,VA,NA,NA,NA,NA,66.86746987951807
22043,Fairfax County,VA,71.26050420168067,NA,NA,NA,NA
22191,Prince William County,VA,NA,NA,20.76923076923077,NA,NA
22207,Arlington County,VA,44.03361344537815,NA,NA,NA,NA
22306,Fairfax County,VA,NA,34.285714285714285,NA,NA,NA
22406,Stafford County,VA,99.49579831932773,NA,NA,NA,NA
22664,Shenandoah County,VA,NA,NA,NA,59.02777777777778,NA
22801,Harrisonburg city,VA,NA,NA,50,NA,NA
22903,Charlottesville city,VA,53.94957983193277,NA,NA,NA,NA
22980,Waynesboro city,VA,5.88235294117647,NA,12.051282051282051,NA,NA
23113,Chesterfield County,VA,75.63025210084034,NA,NA,NA,NA
23139,Powhatan County,VA,NA,NA,75.12820512820512,NA,NA
23224,Richmond city,VA,9.57983193277311,NA,NA,NA,NA
23227,Henrico County,VA,NA,NA,48.717948717948715,NA,30.120481927710845
23229,Henrico County,VA,20.504201680672267,NA,NA,NA,NA
23234,Chesterfield County,VA,52.43697478991597,NA,23.846153846153847,NA,NA
23236,Chesterfield County,VA,NA,NA,NA,47.91666666666667,NA
23237,Chesterfield County,VA,74.78991596638656,NA,NA,NA,NA
23452,Virginia Beach city,VA,88.40336134453781,NA,NA,NA,NA
23662,Poquoson city,VA,NA,NA,NA,79.16666666666666,NA
23803,Petersburg city,VA,51.26050420168067,NA,NA,NA,NA
24084,Pulaski County,VA,91.42857142857143,NA,NA,NA,NA
24153,Salem city,VA,33.27731092436974,NA,NA,NA,NA
24202,Washington County,VA,NA,NA,71.02564102564102,NA,NA
24348,Grayson County,VA,NA,NA,NA,NA,95.78313253012048
24426,Alleghany County,VA,NA,69.79591836734694,NA,NA,NA
24450,Rockbridge County,VA,NA,NA,NA,NA,43.97590361445783
24557,Pittsylvania County,VA,NA,61.63265306122449,NA,NA,NA
98004,King County,WA,NA,91.83673469387756,NA,NA,72.89156626506023
98012,Snohomish County,WA,34.45378151260504,NA,NA,NA,NA
98026,Snohomish County,WA,57.815126050420176,NA,NA,NA,NA
98038,King County,WA,70.25210084033613,NA,NA,NA,NA
98042,King County,WA,NA,45.714285714285715,NA,NA,NA
98043,Snohomish County,WA,NA,NA,98.46153846153847,NA,NA
98052,King County,WA,54.11764705882353,NA,NA,22.569444444444446,NA
98055,King County,WA,NA,NA,NA,68.40277777777779,NA
98056,King County,WA,71.42857142857143,NA,61.02564102564103,NA,NA
98057,King County,WA,69.24369747899159,NA,NA,NA,NA
98059,King County,WA,NA,88.9795918367347,NA,NA,NA
98110,Kitsap County,WA,77.47899159663866,NA,NA,NA,NA
98117,King County,WA,NA,NA,NA,55.208333333333336,NA
98198,King County,WA,NA,NA,47.94871794871795,NA,NA
98201,Snohomish County,WA,96.30252100840336,NA,NA,NA,NA
98203,Snohomish County,WA,65.3781512605042,NA,NA,NA,NA
98258,Snohomish County,WA,13.61344537815126,NA,NA,NA,NA
98271,Snohomish County,WA,NA,NA,NA,NA,56.62650602409639
98272,Snohomish County,WA,63.52941176470588,NA,NA,NA,NA
98367,Kitsap County,WA,NA,NA,56.15384615384615,NA,NA
98373,Pierce County,WA,NA,NA,73.84615384615385,NA,NA
98387,Pierce County,WA,18.991596638655462,55.91836734693878,NA,NA,NA
98403,Pierce County,WA,83.52941176470588,NA,NA,NA,NA
98444,Pierce County,WA,NA,NA,NA,64.93055555555556,NA
98501,Thurston County,WA,NA,NA,72.564102564102555,NA,NA
98503,Thurston County,WA,NA,NA,NA,NA,39.1566265060241
98942,Yakima County,WA,76.47058823529412,NA,NA,NA,NA
99354,Benton County,WA,NA,NA,NA,33.68055555555556,NA
20017,District of Columbia,DC,85.54621848739495,NA,NA,NA,NA
20024,District of Columbia,DC,NA,NA,63.33333333333333,NA,NA
24801,McDowell County,WV,NA,89.38775510204081,NA,NA,NA
25177,Kanawha County,WV,NA,NA,16.41025641025641,NA,NA
25506,Lincoln County,WV,NA,90.20408163265307,NA,NA,NA
25526,Putnam County,WV,NA,NA,NA,72.56944444444444,NA
25705,Cabell County,WV,NA,NA,NA,22.22222222222222,NA
26101,Wood County,WV,NA,51.42857142857142,NA,NA,NA
26201,Upshur County,WV,26.89075630252101,NA,NA,NA,NA
26301,Harrison County,WV,71.9327731092437,NA,9.7435897435897445,NA,NA
26330,Harrison County,WV,NA,NA,NA,NA,33.13253012048193
26537,Preston County,WV,NA,NA,61.794871794871796,97.56944444444444,NA
26554,Marion County,WV,42.857142857142854,NA,NA,NA,NA
26726,Mineral County,WV,NA,NA,48.205128205128204,NA,NA
53005,Waukesha County,WI,NA,82.0408163265306,45.8974358974359,NA,NA
53033,Washington County,WI,NA,NA,98.97435897435898,NA,NA
53081,Sheboygan County,WI,16.63865546218487,NA,NA,NA,NA
53086,Washington County,WI,98.4873949579832,NA,NA,NA,NA
53089,Waukesha County,WI,NA,NA,95.12820512820512,NA,NA
53090,Washington County,WI,NA,NA,NA,NA,86.14457831325302
53092,Ozaukee County,WI,64.03361344537815,NA,NA,NA,NA
53094,Jefferson County,WI,NA,NA,NA,32.29166666666667,30.72289156626506
53095,Washington County,WI,84.53781512605042,NA,NA,NA,NA
53098,Dodge County,WI,NA,NA,NA,NA,90.96385542168674
53108,Racine County,WI,99.32773109243698,NA,NA,NA,NA
53115,Walworth County,WI,42.6890756302521,NA,NA,NA,NA
53122,Waukesha County,WI,NA,NA,NA,NA,75.90361445783132
53140,Kenosha County,WI,NA,NA,NA,26.38888888888889,NA
53142,Kenosha County,WI,6.5546218487394965,NA,NA,NA,NA
53154,Milwaukee County,WI,68.23529411764706,NA,NA,NA,NA
53158,Kenosha County,WI,39.831932773109244,NA,NA,NA,NA
53188,Waukesha County,WI,78.15126050420169,NA,NA,NA,NA
53205,Milwaukee County,WI,NA,54.69387755102041,NA,NA,NA
53211,Milwaukee County,WI,NA,NA,NA,25,NA
53212,Milwaukee County,WI,NA,NA,51.02564102564102,NA,NA
53214,Milwaukee County,WI,19.495798319327733,NA,NA,NA,NA
53215,Milwaukee County,WI,17.142857142857142,14.69387755102041,NA,NA,NA
53216,Milwaukee County,WI,NA,NA,NA,20.48611111111111,NA
53217,Milwaukee County,WI,NA,NA,NA,NA,15.66265060240964
53218,Milwaukee County,WI,NA,NA,8.974358974358974,NA,NA
53219,Milwaukee County,WI,NA,NA,55.8974358974359,NA,NA
53221,Milwaukee County,WI,23.025210084033613,NA,23.846153846153847,NA,NA
53223,Milwaukee County,WI,NA,NA,NA,13.194444444444445,NA
53224,Milwaukee County,WI,16.470588235294116,NA,NA,NA,NA
53225,Milwaukee County,WI,31.092436974789916,NA,NA,NA,NA
53228,Milwaukee County,WI,NA,NA,75.64102564102564,NA,45.78313253012048
53405,Racine County,WI,40.33613445378151,NA,NA,NA,NA
53406,Racine County,WI,6.890756302521009,NA,NA,NA,NA
53511,Rock County,WI,NA,NA,NA,0.3472222222222222,NA
53545,Rock County,WI,NA,NA,40.256410256410255,NA,NA
53548,Rock County,WI,31.76470588235294,NA,NA,NA,NA
53562,Dane County,WI,NA,NA,NA,28.47222222222222,80.12048192771084
53566,Green County,WI,NA,NA,NA,20.833333333333336,NA
53575,Dane County,WI,NA,NA,NA,71.18055555555556,NA
53590,Dane County,WI,47.22689075630252,NA,NA,NA,NA
53703,Dane County,WI,NA,NA,NA,90.27777777777779,NA
53704,Dane County,WI,NA,NA,NA,NA,98.19277108433735
53711,Dane County,WI,76.1344537815126,NA,NA,NA,NA
53716,Dane County,WI,NA,NA,77.17948717948718,NA,NA
53717,Dane County,WI,NA,NA,NA,NA,54.21686746987952
53719,Dane County,WI,NA,NA,NA,NA,57.831325301204814
53821,Crawford County,WI,95.7983193277311,NA,NA,NA,NA
53901,Columbia County,WI,NA,NA,NA,94.79166666666666,NA
53913,Sauk County,WI,46.554621848739494,NA,NA,NA,NA
53954,Columbia County,WI,NA,NA,NA,98.26388888888889,NA
54016,St. Croix County,WI,66.890756302521,NA,NA,NA,NA
54220,Manitowoc County,WI,6.722689075630252,NA,NA,NA,NA
54481,Portage County,WI,31.428571428571427,NA,NA,18.40277777777778,NA
54601,La Crosse County,WI,NA,28.163265306122447,35.128205128205124,1.7361111111111112,0
54630,Trempealeau County,WI,NA,NA,NA,97.22222222222221,NA
54660,Monroe County,WI,NA,NA,NA,NA,65.66265060240963
54665,Vernon County,WI,NA,NA,NA,NA,54.81927710843374
54669,La Crosse County,WI,NA,NA,NA,NA,90.36144578313254
54701,Eau Claire County,WI,NA,NA,49.48717948717949,NA,NA
54751,Dunn County,WI,NA,NA,NA,NA,13.253012048192772
54819,Rusk County,WI,NA,NA,99.74358974358975,NA,NA
54868,Barron County,WI,53.61344537815126,NA,NA,NA,NA
54880,Douglas County,WI,NA,NA,NA,NA,1.2048192771084338
54901,Winnebago County,WI,59.49579831932773,NA,32.82051282051282,NA,NA
54913,Outagamie County,WI,73.27731092436974,NA,NA,NA,NA
54915,Outagamie County,WI,66.38655462184873,NA,NA,NA,NA
82901,Sweetwater County,WY,43.865546218487395,NA,NA,NA,NA
